,dateList,priceList,Binance
0,02/28/20 08:00:00,8807.75,161745430.0
1,02/29/20 08:00:00,8719.25,181309262.0
2,03/01/20 08:00:00,8543.5,180784983.0
3,03/02/20 08:00:00,8534.4,182010652.0
4,03/03/20 08:00:00,8915.5,176903553.0
5,03/04/20 08:00:00,8761.0,176218564.0
6,03/05/20 08:00:00,8759.5,183792561.0
7,03/06/20 08:00:00,8919.5,196335499.0
8,03/07/20 08:00:00,9134.5,213042602.0
9,03/08/20 08:00:00,8906.0,205666002.0
10,03/09/20 08:00:00,8044.5,154304758.0
11,03/10/20 08:00:00,7988.0,157688960.0
12,03/11/20 08:00:00,7893.5,149709228.0
13,03/12/20 08:00:00,7938.0,158060289.0
14,03/13/20 08:00:00,5896.0,72890200.0
15,03/14/20 08:00:00,5597.5,78963524.0
16,03/15/20 08:00:00,5152.5,77825593.0
17,03/16/20 08:00:00,5359.0,84955154.0
18,03/17/20 08:00:00,5019.0,86367906.0
19,03/18/20 08:00:00,5356.5,95658407.0
20,03/19/20 08:00:00,5399.5,108380175.0
21,03/20/20 08:00:00,6178.0,119400103.0
22,03/21/20 08:00:00,6225.0,94194428.0
23,03/22/20 08:00:00,6190.0,110512651.0
24,03/23/20 08:00:00,5812.0,115004240.0
25,03/24/20 08:00:00,6488.5,119834072.0
26,03/25/20 08:00:00,6761.0,120574876.0
27,03/26/20 08:00:00,6708.7,122599045.0
28,03/27/20 08:00:00,6756.5,132733971.0
29,03/28/20 08:00:00,6360.5,131793704.0
30,03/29/20 08:00:00,6258.5,142033734.0
31,03/30/20 08:00:00,5868.5,142804391.0
32,03/31/20 08:00:00,6403.2,148881522.0
33,04/01/20 08:00:00,6419.5,169023100.0
34,04/02/20 08:00:00,6668.0,172779009.0
35,04/03/20 08:00:00,6795.0,149725324.0
36,04/04/20 08:00:00,6735.5,150250781.0
37,04/05/20 08:00:00,6867.0,160519537.0
38,04/06/20 08:00:00,6775.0,167154127.0
39,04/07/20 08:00:00,7334.0,217354870.0
40,04/08/20 08:00:00,7200.8,185908821.0
41,04/09/20 08:00:00,7364.5,193764633.0
42,04/10/20 08:00:00,7292.5,203563852.0
43,04/11/20 08:00:00,6869.5,197366306.0
44,04/12/20 08:00:00,6887.0,199620673.0
45,04/13/20 08:00:00,6902.5,201661429.0
46,04/14/20 08:00:00,6849.5,202725658.0
47,04/15/20 08:00:00,6876.5,216332576.0
48,04/16/20 08:00:00,6640.0,237201182.0
49,04/17/20 08:00:00,7106.0,217040558.0
50,04/18/20 08:00:00,7029.0,224110677.0
51,04/19/20 08:00:00,7256.0,242970419.0
52,04/20/20 08:00:00,7126.0,236487735.0
53,04/21/20 08:00:00,6841.0,232851730.0
54,04/22/20 08:00:00,6848.0,238018022.0
55,04/23/20 08:00:00,7134.0,251223449.0
56,04/24/20 08:00:00,7480.0,213495856.0
57,04/25/20 08:00:00,7506.0,209127429.0
58,04/26/20 08:00:00,7549.0,211920767.0
59,04/27/20 08:00:00,7704.5,222550092.0
60,04/28/20 08:00:00,7786.5,229902943.0
61,04/29/20 08:00:00,7753.5,241122039.0
62,04/30/20 08:00:00,8795.0,236417436.0
63,05/01/20 08:00:00,8642.3,241684918.0
64,05/02/20 08:00:00,8822.0,268630720.0
65,05/03/20 08:00:00,8978.0,267102732.0
66,05/04/20 08:00:00,8900.92,293914476.0
67,05/05/20 08:00:00,8889.0,275655972.0
68,05/06/20 08:00:00,9027.8,284092677.0
69,05/07/20 08:00:00,9175.0,309381812.0
70,05/08/20 08:00:00,10009.5,330572241.0
71,05/09/20 08:00:00,9815.5,338412989.0
72,05/10/20 08:00:00,9549.0,383055335.0
73,05/11/20 08:00:00,8758.0,220955008.0
74,05/12/20 08:00:00,8561.0,220696491.0
75,05/13/20 08:00:00,8822.0,225793340.0
76,05/14/20 08:00:00,9322.5,271782421.0
77,05/15/20 08:00:00,9804.0,289107870.0
78,05/16/20 08:00:00,9303.5,292572978.0
79,05/17/20 08:00:00,9383.0,301836531.0
80,05/18/20 08:00:00,9672.5,305200078.0
81,05/19/20 08:00:00,9733.5,314654957.0
82,05/20/20 08:00:00,9785.0,307675644.0
83,05/21/20 08:00:00,9509.5,315970186.0
84,05/22/20 08:00:00,9050.5,298623389.0
85,05/23/20 08:00:00,9162.0,318770148.0
86,05/24/20 08:00:00,9165.5,312937960.0
87,05/25/20 08:00:00,8707.5,293435782.0
88,05/26/20 08:00:00,8895.0,309700685.0
89,05/27/20 08:00:00,8839.5,312724583.0
90,05/28/20 08:00:00,9197.0,342634605.0
91,05/29/20 08:00:00,9573.5,340064577.0
92,05/30/20 08:00:00,9425.5,348060953.0
93,05/31/20 08:00:00,9684.1,325721015.0
94,06/01/20 08:00:00,9449.0,327522738.0
95,06/02/20 08:00:00,10245.5,331536814.0
96,06/03/20 08:00:00,9539.5,243726928.0
97,06/04/20 08:00:00,9665.5,267492938.0
98,06/05/20 08:00:00,9792.8,286124142.0
99,06/06/20 08:00:00,9625.0,286812547.0
100,06/07/20 08:00:00,9668.5,287747765.0
101,06/08/20 08:00:00,9749.5,290603802.0
102,06/09/20 08:00:00,9781.5,304472391.0
103,06/10/20 08:00:00,9775.0,293970087.0
104,06/11/20 08:00:00,9880.0,294615331.0
105,06/12/20 08:00:00,9263.0,299141881.0
106,06/13/20 08:00:00,9464.0,290064938.0
107,06/14/20 08:00:00,9475.5,287716684.0
108,06/15/20 08:00:00,9332.5,299025335.0
109,06/16/20 08:00:00,9423.0,328571274.0
110,06/17/20 08:00:00,9519.0,318789133.0
111,06/18/20 08:00:00,9456.5,322102748.0
112,06/19/20 08:00:00,9374.0,333570440.0
113,06/20/20 08:00:00,9297.5,339445686.0
114,06/21/20 08:00:00,9354.5,340716735.0
115,06/22/20 08:00:00,9285.2,338406850.0
116,06/23/20 08:00:00,9688.0,350410679.0
117,06/24/20 08:00:00,9625.5,386278372.0
118,06/25/20 08:00:00,9288.0,365812768.0
119,06/26/20 08:00:00,9240.0,346092221.0
120,06/27/20 08:00:00,9162.9,360044237.0
121,06/28/20 08:00:00,9009.0,374254182.0
122,06/29/20 08:00:00,9126.0,379197184.0
123,06/30/20 08:00:00,9187.8,380034619.0
124,07/01/20 08:00:00,9135.0,384403278.0
125,07/02/20 08:00:00,9224.9,388790027.0
126,07/03/20 08:00:00,9085.6,378050467.0
127,07/04/20 08:00:00,9065.7,375036276.0
128,07/05/20 08:00:00,9140.0,380361215.0
129,07/06/20 08:00:00,9086.0,372709390.0
130,07/07/20 08:00:00,9349.5,400090562.0
131,07/08/20 08:00:00,9253.4,397847309.0
132,07/09/20 08:00:00,9437.0,426005778.0
133,07/10/20 08:00:00,9238.9,393273942.0
134,07/11/20 08:00:00,9285.65,387929033.0
135,07/12/20 08:00:00,9234.3,385035627.0
136,07/13/20 08:00:00,9301.5,382165817.0
137,07/14/20 08:00:00,9245.0,394127600.0
138,07/15/20 08:00:00,9249.3,383648400.0
139,07/16/20 08:00:00,9206.5,398060816.0
140,07/17/20 08:00:00,9133.1,413915172.0
141,07/18/20 08:00:00,9152.2,418388856.0
142,07/19/20 08:00:00,9169.1,408318276.0
143,07/20/20 08:00:00,9220.0,412088958.0
144,07/21/20 08:00:00,9160.4,398714767.0
145,07/22/20 08:00:00,9397.0,448350268.0
146,07/23/20 08:00:00,9515.0,430669953.0
147,07/24/20 08:00:00,9612.0,426554561.0
148,07/25/20 08:00:00,9536.5,422080938.0
149,07/26/20 08:00:00,9708.5,434002015.0
150,07/27/20 08:00:00,9669.3,391473398.0
151,07/28/20 08:00:00,11038.0,426848535.0
152,07/29/20 08:00:00,10936.6,424904703.0
153,07/30/20 08:00:00,11101.0,460725620.0
154,07/31/20 08:00:00,11015.0,466892449.0
155,08/01/20 08:00:00,11015.0,484056102.0
156,08/02/20 08:00:00,11015.0,520235994.0
157,08/03/20 08:00:00,11067.0,385644487.0
158,08/04/20 08:00:00,11237.0,394372325.0
159,08/05/20 08:00:00,11198.5,398027099.0
160,08/06/20 08:00:00,11761.0,450254946.0
161,08/07/20 08:00:00,11770.0,464941850.0
162,08/08/20 08:00:00,11604.0,413229487.0
163,08/09/20 08:00:00,11776.5,434997581.0
164,08/10/20 08:00:00,11700.1,443142016.0
165,08/11/20 08:00:00,11899.5,449710797.0
166,08/12/20 08:00:00,11390.4,452684010.0
167,08/13/20 08:00:00,11568.5,453155478.0
168,08/14/20 08:00:00,11803.0,450030431.0
169,08/15/20 08:00:00,11773.5,441673240.0
170,08/16/20 08:00:00,11861.5,457451629.0
171,08/17/20 08:00:00,11923.5,465630861.0
172,08/18/20 08:00:00,12312.0,489356678.0
173,08/19/20 08:00:00,11966.0,507452510.0
174,08/20/20 08:00:00,11759.5,473239210.0
175,08/21/20 08:00:00,11865.0,467621287.0
176,08/22/20 08:00:00,11522.0,443512244.0
177,08/23/20 08:00:00,11674.5,439851814.0
178,08/24/20 08:00:00,11657.0,441737996.0
179,08/25/20 08:00:00,11754.5,467370309.0
180,08/26/20 08:00:00,11326.5,484179470.0
181,08/27/20 08:00:00,11473.5,464075039.0
182,08/28/20 08:00:00,11323.0,468699720.0
183,08/29/20 08:00:00,11528.0,481385191.0
184,08/30/20 08:00:00,11479.0,479132395.0
185,08/31/20 08:00:00,11724.5,497142652.0
186,09/01/20 08:00:00,11654.0,515362487.0
187,09/02/20 08:00:00,11944.0,533772480.0
188,09/03/20 08:00:00,11385.0,476871462.0
189,09/04/20 08:00:00,10140.5,356241890.0
190,09/05/20 08:00:00,10467.0,375631483.0
191,09/06/20 08:00:00,10159.0,372640096.0
192,09/07/20 08:00:00,10253.0,388308374.0
193,09/08/20 08:00:00,10365.0,398163452.0
194,09/09/20 08:00:00,10118.0,395650605.0
195,09/10/20 08:00:00,10222.0,396481002.0
196,09/11/20 08:00:00,10340.6,398034839.0
197,09/12/20 08:00:00,10386.0,397484793.0
198,09/13/20 08:00:00,10448.0,398685313.0
199,09/14/20 08:00:00,10318.0,398323125.0
200,09/15/20 08:00:00,10686.5,409057514.0
201,09/16/20 08:00:00,10784.0,418727870.0
202,09/17/20 08:00:00,10953.0,447965402.0
203,09/18/20 08:00:00,10929.0,429204241.0
204,09/19/20 08:00:00,10937.5,425958817.0
205,09/20/20 08:00:00,11072.0,448883114.0
206,09/21/20 08:00:00,10914.0,445593962.0
207,09/22/20 08:00:00,10419.0,434691114.0
208,09/23/20 08:00:00,10524.5,443921596.0
209,09/24/20 08:00:00,10236.0,461504596.0
210,09/25/20 08:00:00,10720.1,443871396.0
211,09/26/20 08:00:00,10681.7,427084837.0
212,09/27/20 08:00:00,10731.0,441850701.0
213,09/28/20 08:00:00,10777.5,439512586.0
214,09/29/20 08:00:00,10693.0,390126975.0
215,09/30/20 08:00:00,10844.5,419306420.0
216,10/01/20 08:00:00,10769.0,423890274.0
217,10/02/20 08:00:00,10616.5,414446881.0
218,10/03/20 08:00:00,10566.0,440133526.0
219,10/04/20 08:00:00,10549.5,443508895.0
220,10/05/20 08:00:00,10667.0,446866130.0
221,10/06/20 08:00:00,10783.0,479764846.0
222,10/07/20 08:00:00,10603.0,447005038.0
223,10/08/20 08:00:00,10664.5,457900697.0
224,10/09/20 08:00:00,10914.0,480694567.0
225,10/10/20 08:00:00,11051.0,492127044.0
226,10/11/20 08:00:00,11283.0,498131392.0
227,10/12/20 08:00:00,11370.0,510404350.0
228,10/13/20 08:00:00,11557.5,496196204.0
229,10/14/20 08:00:00,11413.0,490464086.0
230,10/15/20 08:00:00,11426.5,477903603.0
231,10/16/20 08:00:00,11488.0,493592593.0
232,10/17/20 08:00:00,11326.5,502237211.0
233,10/18/20 08:00:00,11358.0,496932237.0
234,10/19/20 08:00:00,11507.5,518747861.0
235,10/20/20 08:00:00,11748.0,569700521.0
236,10/21/20 08:00:00,11907.0,627078451.0
237,10/22/20 08:00:00,12786.0,682174096.0
238,10/23/20 08:00:00,12970.3,717470871.0
239,10/24/20 08:00:00,12933.1,725782175.0
240,10/25/20 08:00:00,13107.0,769650965.0
241,10/26/20 08:00:00,13036.5,706326304.0
242,10/27/20 08:00:00,13054.0,708464210.0
243,10/28/20 08:00:00,13647.5,805173829.0
244,10/29/20 08:00:00,13263.0,706419573.0
245,10/30/20 08:00:00,13468.0,761048857.0
246,10/31/20 08:00:00,13544.0,794424413.0
247,11/01/20 08:00:00,13804.0,844160090.0
248,11/02/20 08:00:00,13751.0,836216521.0
249,11/03/20 08:00:00,13573.0,810294789.0
250,11/04/20 08:00:00,14004.0,863133172.0
251,11/05/20 08:00:00,14137.0,884176167.0
252,11/06/20 08:00:00,15569.0,911831946.0
253,11/07/20 08:00:00,15573.5,907400886.0
254,11/08/20 08:00:00,14817.0,797871231.0
255,11/09/20 08:00:00,15476.0,860979124.0
256,11/10/20 08:00:00,15319.0,828821139.0
257,11/11/20 08:00:00,15296.0,827920341.0
258,11/12/20 08:00:00,15685.0,891264859.0
259,11/13/20 08:00:00,16315.5,955688747.0
260,11/14/20 08:00:00,16335.5,934030735.0
261,11/15/20 08:00:00,16071.5,906782661.0
262,11/16/20 08:00:00,15974.0,909030430.0
263,11/17/20 08:00:00,16713.0,986029305.0
264,11/18/20 08:00:00,17673.0,1017311779.0
265,11/19/20 08:00:00,17787.0,950675246.0
266,11/20/20 08:00:00,17826.5,988305818.0
267,11/21/20 08:00:00,18641.0,1031716919.0
268,11/22/20 08:00:00,18711.3,1126136958.0
269,11/23/20 08:00:00,18409.0,1119005663.0
270,11/24/20 08:00:00,18380.5,1084612211.0
271,11/25/20 08:00:00,19120.0,1235589695.0
272,11/26/20 08:00:00,18756.5,1241548857.0
273,11/27/20 08:00:00,17175.0,900200382.0
274,11/28/20 08:00:00,17143.0,930658661.0
275,11/29/20 08:00:00,17721.0,961659025.0
276,11/30/20 08:00:00,18213.0,982388431.0
277,12/01/20 08:00:00,19272.0,1095117489.0
278,12/02/20 08:00:00,19293.0,1096154811.0
279,12/03/20 08:00:00,18891.5,1037824142.0
280,12/04/20 08:00:00,19545.0,1131510467.0
281,12/05/20 08:00:00,18980.5,1095406766.0
282,12/06/20 08:00:00,19084.0,1109766219.0
283,12/07/20 08:00:00,19136.0,1116759123.0
284,12/08/20 08:00:00,19217.0,1156156820.0
285,12/09/20 08:00:00,18814.5,1181026509.0
286,12/10/20 08:00:00,18358.0,1101144715.0
287,12/11/20 08:00:00,18124.0,1097921153.0
288,12/12/20 08:00:00,18142.0,1113044267.0
289,12/13/20 08:00:00,18409.5,1107360072.0
290,12/14/20 08:00:00,19218.0,1147366781.0
291,12/15/20 08:00:00,19217.0,1153019926.0
292,12/16/20 08:00:00,19412.0,1199974771.0
293,12/17/20 08:00:00,20671.0,1265711125.0
294,12/18/20 08:00:00,23346.0,1312978408.0
295,12/19/20 08:00:00,22610.0,1347855667.0
296,12/20/20 08:00:00,23596.0,1419433810.0
297,12/21/20 08:00:00,23842.0,1414931977.0
298,12/22/20 08:00:00,23116.0,1316461570.0
299,12/23/20 08:00:00,23340.0,1392649861.0
300,12/24/20 08:00:00,23475.0,1294575393.0
301,12/25/20 08:00:00,23248.0,1217376733.0
302,12/26/20 08:00:00,24023.5,1376932553.0
303,12/27/20 08:00:00,25580.0,1473549910.0
304,12/28/20 08:00:00,27385.5,1439002396.0
305,12/29/20 08:00:00,26908.0,1457839916.0
306,12/30/20 08:00:00,26610.0,1425261431.0
307,12/31/20 08:00:00,28162.0,1566962120.0
308,01/01/21 08:00:00,28811.5,1611789274.0
309,01/02/21 08:00:00,29199.0,1636826884.0
310,01/03/21 08:00:00,31680.0,1871416975.0
311,01/04/21 08:00:00,33583.0,1777616740.0
312,01/05/21 08:00:00,33467.0,1597356568.0
313,01/06/21 08:00:00,32067.1,1577336208.0
314,01/07/21 08:00:00,34681.5,1715877633.0
315,01/08/21 08:00:00,38988.3,1889639988.0
316,01/09/21 08:00:00,40896.0,1975719044.0
317,01/10/21 08:00:00,40463.0,2098578940.0
318,01/11/21 08:00:00,39745.5,2132495184.0
319,01/12/21 08:00:00,31591.0,1721581296.0
320,01/13/21 08:00:00,33796.5,1811078100.0
321,01/14/21 08:00:00,34589.5,1821557837.0
322,01/15/21 08:00:00,39529.0,2042750114.0
323,01/16/21 08:00:00,35621.5,2090233469.0
324,01/17/21 08:00:00,37522.0,1964464833.0
325,01/18/21 08:00:00,35742.5,1882041713.0
326,01/19/21 08:00:00,36448.5,2004444521.0
327,01/20/21 08:00:00,35911.0,2023531633.0
328,01/21/21 08:00:00,35539.5,1959596148.0
329,01/22/21 08:00:00,30825.5,1774961046.0
330,01/23/21 08:00:00,33057.1,1747798988.0
331,01/24/21 08:00:00,32108.5,1700062005.0
332,01/25/21 08:00:00,32259.0,1723559284.0
333,01/26/21 08:00:00,32282.5,1768733883.0
334,01/27/21 08:00:00,32469.4,1773514894.0
335,01/28/21 08:00:00,30420.5,1757707447.0
336,01/29/21 08:00:00,33438.5,1904897078.0
337,01/30/21 08:00:00,34263.0,1958196600.0
338,01/31/21 08:00:00,34307.5,1925169082.0
339,02/01/21 08:00:00,33186.5,1913357825.0
340,02/02/21 08:00:00,33555.0,1883992292.0
341,02/03/21 08:00:00,35521.0,1977365581.0
342,02/04/21 08:00:00,37632.5,2032018503.0
343,02/05/21 08:00:00,37023.5,2007672329.0
344,02/06/21 08:00:00,38299.5,2123366343.0
345,02/07/21 08:00:00,39305.0,2387056533.0
346,02/08/21 08:00:00,38824.0,2311037530.0
347,02/09/21 08:00:00,46529.5,2793121453.0
348,02/10/21 08:00:00,46476.0,2803040510.0
349,02/11/21 08:00:00,44817.5,2740388746.0
350,02/12/21 08:00:00,48088.0,3090356151.0
351,02/13/21 08:00:00,47329.0,2985425185.0
352,02/14/21 08:00:00,47132.0,2926546921.0
353,02/15/21 08:00:00,48700.0,3192096735.0
354,02/16/21 08:00:00,48006.0,3002053163.0
355,02/17/21 08:00:00,49214.0,3069661289.0
356,02/18/21 08:00:00,52150.0,3348354864.0
357,02/19/21 08:00:00,51579.5,3243483405.0
358,02/20/21 08:00:00,55928.5,3405480130.0
359,02/21/21 08:00:00,55950.0,3258362892.0
360,02/22/21 08:00:00,57459.0,3395711451.0
361,02/23/21 08:00:00,54080.5,3085674332.0
362,02/24/21 08:00:00,48899.0,2765192198.0
363,02/25/21 08:00:00,49720.0,2892977416.0
364,02/26/21 08:00:00,47068.0,2824542097.0
365,02/27/21 08:00:00,46346.5,2578780467.0
366,02/28/21 08:00:00,46062.0,2598461149.0
367,03/01/21 08:00:00,45148.0,2657141396.0
368,03/02/21 08:00:00,49560.0,2777055418.0
369,03/03/21 08:00:00,48387.0,2719618058.0
370,03/04/21 08:00:00,50394.0,2858537401.0
371,03/05/21 08:00:00,48279.5,2781010292.0
372,03/06/21 08:00:00,47907.0,2764945327.0
373,03/07/21 08:00:00,47285.0,2787892170.0
374,03/08/21 08:00:00,50511.0,3002690315.0
375,03/09/21 08:00:00,51062.0,3085903696.0
376,03/10/21 08:00:00,54100.0,3395454186.0
377,03/11/21 08:00:00,56495.0,3614540087.0
378,03/12/21 08:00:00,56309.0,3709011726.0
379,03/13/21 08:00:00,56991.32,3765566303.0
380,03/14/21 08:00:00,59614.0,4232462096.0
381,03/15/21 08:00:00,59632.0,4285584319.0
382,03/16/21 08:00:00,56799.0,3653460407.0
383,03/17/21 08:00:00,55823.0,3635302755.0
384,03/18/21 08:00:00,54938.4,3689645817.0
385,03/19/21 08:00:00,59521.0,3856654295.0
386,03/20/21 08:00:00,59040.1,3775686172.0
387,03/21/21 08:00:00,56799.0,3858852312.0
388,03/22/21 08:00:00,57045.0,3810455126.0
389,03/23/21 08:00:00,57118.0,3840698804.0
390,03/24/21 08:00:00,55200.0,3782808430.0
391,03/25/21 08:00:00,56311.5,3779431713.0
392,03/26/21 08:00:00,51017.5,3542221582.0
393,03/27/21 08:00:00,53257.0,3518361284.0
394,03/28/21 08:00:00,55020.0,3545840928.0
395,03/29/21 08:00:00,56306.0,3652914036.0
396,03/30/21 08:00:00,57831.0,3998841580.0
397,03/31/21 08:00:00,58668.5,4049924889.0
398,04/01/21 08:00:00,59309.0,4112101942.0
399,04/02/21 08:00:00,59031.5,4149456349.0
400,04/03/21 08:00:00,59454.0,4270371553.0
401,04/04/21 08:00:00,58923.0,4354035624.0
402,04/05/21 08:00:00,57865.0,4234323003.0
403,04/06/21 08:00:00,58997.0,4334795674.0
404,04/07/21 08:00:00,57910.0,4288164376.0
405,04/08/21 08:00:00,56402.0,4296336264.0
406,04/09/21 08:00:00,57753.54,4208828624.0
407,04/10/21 08:00:00,58233.0,4202207371.0
408,04/11/21 08:00:00,60323.0,4545133296.0
409,04/12/21 08:00:00,60050.8,4531228466.0
410,04/13/21 08:00:00,56799.0,4687562641.0
411,04/14/21 08:00:00,63560.0,5209907181.0
412,04/15/21 08:00:00,62977.09,5034306790.0
413,04/16/21 08:00:00,63221.0,5010694600.0
414,04/17/21 08:00:00,61389.0,4776882657.0
415,04/18/21 08:00:00,59998.0,4766183973.0
416,04/19/21 08:00:00,56161.0,3619667615.0
417,04/20/21 08:00:00,55675.0,3480543816.0
418,04/21/21 08:00:00,56412.0,3579935678.0
419,04/22/21 08:00:00,53860.0,3537878717.0
420,04/23/21 08:00:00,51778.0,3564227167.0
421,04/24/21 08:00:00,51133.0,3456181033.0
422,04/25/21 08:00:00,50018.0,3556595335.0
423,04/26/21 08:00:00,48986.33,3530664979.0
424,04/27/21 08:00:00,54009.0,3390293709.0
425,04/28/21 08:00:00,54978.0,3442161439.0
426,04/29/21 08:00:00,54859.5,3389945793.0
427,04/30/21 08:00:00,53528.0,3506918633.0
428,05/01/21 08:00:00,57808.0,3805573963.0
429,05/02/21 08:00:00,57774.0,3854372189.0
430,05/03/21 08:00:00,56640.71,3871506327.0
431,05/04/21 08:00:00,57232.9,3955953234.0
432,05/05/21 08:00:00,53311.0,3748948992.0
433,05/06/21 08:00:00,57532.0,3759397163.0
434,05/07/21 08:00:00,56331.0,3860393669.0
435,05/08/21 08:00:00,57356.5,3764009677.0
436,05/09/21 08:00:00,58865.0,3947728633.0
437,05/10/21 08:00:00,58349.75,4011997229.0
438,05/11/21 08:00:00,55830.0,4066691442.0
439,05/12/21 08:00:00,56658.0,4097803477.0
440,05/14/21 08:00:00,49735.0,3804705324.0
441,05/15/21 08:00:00,49902.0,3782376135.0
442,05/16/21 08:00:00,46688.0,3921710941.0
443,05/17/21 08:00:00,46449.5,3905084625.0
444,05/18/21 08:00:00,43548.0,3871434286.0
445,05/19/21 08:00:00,43075.5,3802692289.0
446,05/20/21 08:00:00,37404.5,2157927456.0
447,05/21/21 08:00:00,41501.5,2254216312.0
448,05/22/21 08:00:00,36632.7,2173897524.0
449,05/23/21 08:00:00,38186.0,2223364893.0
450,05/24/21 08:00:00,33292.0,2056808625.0
451,05/25/21 08:00:00,37605.5,2193026729.0
452,05/26/21 08:00:00,38329.0,2245403253.0
453,05/27/21 08:00:00,38819.5,2445680543.0
454,05/28/21 08:00:00,39723.0,2444581727.0
455,05/29/21 08:00:00,37280.5,2308427257.0
456,05/30/21 08:00:00,34287.0,2324072830.0
457,05/31/21 08:00:00,35507.0,2409012128.0
458,06/01/21 08:00:00,36986.5,2420503499.0
459,06/02/21 08:00:00,36251.0,2363802351.0
460,06/03/21 08:00:00,38022.5,2541438117.0
461,06/04/21 08:00:00,38576.5,2653038574.0
462,06/05/21 08:00:00,36973.0,2575973968.0
463,06/06/21 08:00:00,36317.0,2494763403.0
464,06/07/21 08:00:00,36172.3,2602281142.0
465,06/08/21 08:00:00,36035.5,2606001994.0
466,06/09/21 08:00:00,31747.5,2580036118.0
467,06/10/21 08:00:00,36321.5,2915948643.0
468,06/11/21 08:00:00,36922.5,2836608955.0
469,06/12/21 08:00:00,36840.5,2765507209.0
470,06/13/21 08:00:00,40000.0,2694496343.0
471,06/14/21 08:00:00,36022.0,2864381140.0
472,06/15/21 08:00:00,40649.0,3230799749.0
473,06/16/21 08:00:00,40056.9,3214429929.0
474,06/17/21 08:00:00,38764.0,3192593526.0
475,06/18/21 08:00:00,38967.0,3239638870.0
476,06/19/21 08:00:00,36371.0,3108529916.0
477,06/20/21 08:00:00,36099.5,3046906659.0
478,06/21/21 08:00:00,35587.5,2907823052.0
479,06/22/21 08:00:00,31656.0,2569724444.0
480,06/23/21 08:00:00,32510.0,2547778226.0
481,06/24/21 08:00:00,33639.0,2623099782.0
482,06/25/21 08:00:00,34651.5,2782769733.0
483,06/26/21 08:00:00,31562.0,2510632046.0
484,06/27/21 08:00:00,32265.2,2584216179.0
485,06/28/21 08:00:00,34693.5,2756813544.0
486,06/29/21 08:00:00,34452.1,2726756991.0
487,06/30/21 08:00:00,35914.5,2900900402.0
488,07/01/21 08:00:00,35051.5,2772668771.0
489,07/02/21 08:00:00,33504.5,2685755282.0
490,07/03/21 08:00:00,33753.5,2735473302.0
491,07/04/21 08:00:00,34667.0,2864318126.0
492,07/05/21 08:00:00,35295.5,2943535845.0
493,07/06/21 08:00:00,33687.0,2815644364.0
494,07/07/21 08:00:00,34226.0,2773464718.0
495,07/08/21 08:00:00,33862.0,2802327990.0
496,07/09/21 08:00:00,32877.0,2842508327.0
497,07/10/21 08:00:00,33783.5,2887277477.0
498,07/11/21 08:00:00,33496.0,2838975914.0
499,07/12/21 08:00:00,34252.0,2958624444.0
500,07/13/21 08:00:00,33077.0,2858584543.0
501,07/14/21 08:00:00,32739.5,2910621603.0
502,07/15/21 08:00:00,32812.5,2826990484.0
503,07/16/21 08:00:00,31845.5,2987438764.0
504,07/17/21 08:00:00,31361.5,2857433337.0
505,07/18/21 08:00:00,31512.5,2981780010.0
506,07/19/21 08:00:00,31759.5,2950503635.0
507,07/20/21 08:00:00,30815.5,3181062893.0
508,07/21/21 08:00:00,29768.5,2998762895.0
509,07/22/21 08:00:00,32083.0,3097682805.0
510,07/23/21 08:00:00,32284.0,3071574216.0
511,07/24/21 08:00:00,33585.0,3227358251.0
512,07/25/21 08:00:00,34256.5,3307394905.0
513,07/26/21 08:00:00,35377.0,3523344778.0
514,07/27/21 08:00:00,37278.0,2945969286.0
515,07/28/21 08:00:00,39467.0,3129192943.0
516,07/29/21 08:00:00,39986.0,3174774374.0
517,07/30/21 08:00:00,39984.0,3221837732.0
518,07/31/21 08:00:00,42149.0,3296286469.0
519,08/01/21 08:00:00,41367.4,3255965013.0
520,08/02/21 08:00:00,39864.0,3008160915.0
521,08/03/21 08:00:00,39133.0,3091395687.0
522,08/04/21 08:00:00,38167.0,3174342759.0
523,08/05/21 08:00:00,39750.0,3181187344.0
524,08/06/21 08:00:00,40849.0,3244852511.0
525,08/07/21 08:00:00,42791.0,3442334027.0
526,08/08/21 08:00:00,44565.0,3522427994.0
527,08/09/21 08:00:00,43788.6,3396712471.0
528,08/10/21 08:00:00,46256.0,3756763279.0
529,08/11/21 08:00:00,45590.6,3677109132.0
530,08/12/21 08:00:00,45602.0,3735395206.0
531,08/13/21 08:00:00,44398.0,3670220890.0
532,08/14/21 08:00:00,47804.5,3903136394.0
533,08/15/21 08:00:00,47107.0,3849778241.0
534,08/16/21 08:00:00,46990.0,3736367071.0
535,08/17/21 08:00:00,45931.0,3907610058.0
536,08/18/21 08:00:00,44675.5,3838787035.0
537,08/19/21 08:00:00,44752.0,3705488308.0
538,08/20/21 08:00:00,44532.5,3855462430.0
539,08/21/21 08:00:00,49345.0,4153043125.0
540,08/22/21 08:00:00,48846.5,4149860864.0
541,08/23/21 08:00:00,49269.0,4104039630.0
542,08/24/21 08:00:00,49557.5,4347786402.0
543,08/25/21 08:00:00,47756.0,4434408117.0
544,08/26/21 08:00:00,49001.0,4303715793.0
545,08/27/21 08:00:00,46850.0,4223886187.0
546,08/28/21 08:00:00,49084.5,4235305726.0
547,08/29/21 08:00:00,48922.0,4264431729.0
548,08/30/21 08:00:00,48793.5,4158896411.0
549,08/31/21 08:00:00,47045.0,4162205267.0
550,09/01/21 08:00:00,47150.0,4238982346.0
551,09/03/21 08:00:00,49344.0,4550181751.0
552,09/04/21 08:00:00,50027.5,4515947418.0
553,09/05/21 08:00:00,49951.0,4301261132.0
554,09/06/21 08:00:00,51816.5,4790977613.0
555,09/07/21 08:00:00,52706.0,4869836806.0
556,09/08/21 08:00:00,46738.0,3284133398.0
557,09/09/21 08:00:00,46072.0,3263547490.0
558,09/10/21 08:00:00,46398.0,3282354832.0
559,09/11/21 08:00:00,44848.0,3273713208.0
560,09/12/21 08:00:00,45165.0,3268348358.0
561,09/13/21 08:00:00,46091.0,3383576171.0
562,09/14/21 08:00:00,44965.5,3249583914.0
563,09/15/21 08:00:00,47064.0,3523228874.0
564,09/16/21 08:00:00,48122.5,3695613215.0
565,09/17/21 08:00:00,47751.0,3592124832.0
566,09/18/21 08:00:00,47280.0,3602309040.0
567,09/19/21 08:00:00,48290.0,3649259748.0
568,09/20/21 08:00:00,47239.5,3651703035.0
569,09/21/21 08:00:00,43019.0,3296864609.0
570,09/22/21 08:00:00,40714.5,3030531207.0
571,09/23/21 08:00:00,43547.0,3035471349.0
572,09/24/21 08:00:00,44859.0,3214562777.0
573,09/25/21 08:00:00,42802.9,2860111542.0
574,09/26/21 08:00:00,42669.0,2798454378.0
575,09/27/21 08:00:00,43186.3,2846104305.0
576,09/28/21 08:00:00,42139.0,2797703393.0
577,09/29/21 08:00:00,41684.5,2825247202.0
578,09/30/21 08:00:00,41503.0,2962905158.0
579,10/01/21 08:00:00,41684.5,3073632444.0
580,10/02/21 08:00:00,48141.5,3518267182.0
581,10/03/21 08:00:00,47660.5,3496219384.0
582,10/04/21 08:00:00,48213.0,3469751924.0
583,10/05/21 08:00:00,49220.5,3562592862.0
584,10/06/21 08:00:00,51480.0,3969777553.0
585,10/07/21 08:00:00,55321.2,4110350779.0
586,10/08/21 08:00:00,53771.0,4160256438.0
587,10/09/21 08:00:00,53932.1,4146101994.0
588,10/10/21 08:00:00,54946.0,4267023880.0
589,10/11/21 08:00:00,54740.5,4446309489.0
590,10/12/21 08:00:00,57528.0,4813965337.0
591,10/13/21 08:00:00,55984.3,4526372326.0
592,10/14/21 08:00:00,57391.5,4510143103.0
593,10/15/21 08:00:00,57408.0,4641678729.0
594,10/16/21 08:00:00,57780.0,5232987348.0
595,10/17/21 08:00:00,60897.0,5330217320.0
596,10/18/21 08:00:00,57780.0,5387813848.0
597,10/19/21 08:00:00,62047.5,5360039638.0
598,10/20/21 08:00:00,57780.0,5803047676.0
599,10/21/21 08:00:00,66061.5,6146409737.0
600,10/22/21 08:00:00,62225.0,5797280721.0
601,10/23/21 08:00:00,64683.86,5735051726.0
602,10/24/21 08:00:00,61435.5,5676794243.0
603,10/25/21 08:00:00,59991.0,5805618107.0
604,10/26/21 08:00:00,63622.0,5995860389.0
605,10/27/21 08:00:00,62588.0,5942109633.0
606,10/28/21 08:00:00,58834.0,5486183603.0
607,10/29/21 08:00:00,60615.0,5345537361.0
608,10/30/21 08:00:00,62247.8,5564722533.0
609,10/31/21 08:00:00,61834.5,5503289805.0
610,11/01/21 08:00:00,61305.0,5671387851.0
611,11/03/21 08:00:00,63225.0,5965694964.0
612,11/04/21 08:00:00,62936.0,5808893565.0
613,11/05/21 08:00:00,61456.8,5834688362.0
614,11/06/21 08:00:00,60982.0,5813740008.0
615,11/07/21 08:00:00,61476.8,5905316212.0
616,11/09/21 08:00:00,67597.5,6826545556.0
617,11/10/21 08:00:00,66944.5,6782928479.0
618,11/11/21 08:00:00,64890.0,6306763191.0
619,11/12/21 08:00:00,64802.7,6049077269.0
620,11/13/21 08:00:00,64138.5,6156606109.0
621,11/14/21 08:00:00,64450.0,6148481148.0
622,11/15/21 08:00:00,65542.5,6310635504.0
623,11/16/21 08:00:00,63629.5,6507807059.0
624,11/17/21 08:00:00,60080.5,6054966498.0
625,11/18/21 08:00:00,60367.0,6042768015.0
626,11/19/21 08:00:00,56939.853,5942052932.0
627,11/20/21 08:00:00,58053.0,5802312306.0
628,11/21/21 08:00:00,59676.9,5816650327.0
629,11/22/21 08:00:00,58629.5,5685667385.0
630,11/23/21 08:00:00,56331.0,5819674100.0
631,11/25/21 08:00:00,56774.0,5891016518.0
632,11/26/21 08:00:00,59141.0,6114187244.0
633,11/27/21 08:00:00,54329.0,6069079692.0
634,11/28/21 08:00:00,54964.0,5829694303.0
635,11/29/21 08:00:00,54308.5,5810984545.0
636,11/30/21 08:00:00,57132.95,5941320589.0
637,12/01/21 08:00:00,57590.5,5938703482.0
638,12/02/21 08:00:00,58657.0,6159826003.0
639,12/03/21 08:00:00,56466.0,5909875963.0
640,12/04/21 08:00:00,55991.1,6170478871.0
641,12/05/21 08:00:00,48213.5,3735390720.0
642,12/06/21 08:00:00,47954.5,3612576261.0
643,12/07/21 08:00:00,48969.0,3531852123.0
644,12/08/21 08:00:00,51702.0,3695204131.0
645,12/09/21 08:00:00,50619.0,3554041986.0
646,12/10/21 08:00:00,48458.0,3624079024.0
647,12/11/21 08:00:00,47925.5,3473961019.0
648,12/12/21 08:00:00,48725.0,3493167284.0
649,12/13/21 08:00:00,49619.0,3744292729.0
650,12/14/21 08:00:00,47251.5,3680774185.0
651,12/15/21 08:00:00,46836.0,3585524214.0
652,12/16/21 08:00:00,46620.0,3669415033.0
653,12/17/21 08:00:00,47637.0,3904554087.0
654,12/18/21 08:00:00,46188.88,3968489467.0
655,12/19/21 08:00:00,46806.0,4093227389.0
656,12/20/21 08:00:00,46679.5,4203764734.0
657,12/21/21 08:00:00,46904.5,4500993094.0
658,12/22/21 08:00:00,48886.5,5117148394.0
659,12/23/21 08:00:00,48602.0,5206712316.0
660,12/24/21 08:00:00,50789.5,5485036694.0
661,12/25/21 08:00:00,50826.0,5377865152.0
662,12/26/21 08:00:00,50390.5,5403738519.0
663,12/27/21 08:00:00,50788.5,5342747390.0
664,12/28/21 08:00:00,50687.5,5401469418.0
665,12/29/21 08:00:00,47510.0,5192783316.0
666,12/30/21 08:00:00,46459.02,5012966983.0
667,12/31/21 08:00:00,47094.0,5011580681.0
668,01/01/22 08:00:00,46155.132,5052954143.0
669,01/02/22 08:00:00,47736.198,5066522685.0
670,01/03/22 08:00:00,47332.0,5079462338.0
671,01/04/22 08:00:00,46459.3,5369683825.0
672,01/05/22 08:00:00,45863.5,5387385895.0
673,01/06/22 08:00:00,43462.782,5048950993.0
674,01/07/22 08:00:00,43095.5,5063762330.0
675,01/08/22 08:00:00,41500.0,4763705538.0
676,01/09/22 08:00:00,41675.5,4768396157.0
677,01/10/22 08:00:00,41861.11,4781853574.0
678,01/11/22 08:00:00,41803.5,4817790098.0
679,01/12/22 08:00:00,42662.23,4940516852.0
680,01/13/22 08:00:00,43890.0,5054914895.0
681,01/14/22 08:00:00,42553.05,4901297164.0
682,01/15/22 08:00:00,43048.2,4851103069.0
683,01/17/22 08:00:00,43083.357,4764702674.0
684,01/18/22 08:00:00,42243.29,4805744253.0
685,01/19/22 08:00:00,42335.4,4794650911.0
686,01/20/22 08:00:00,41669.0,4806084355.0
687,01/21/22 08:00:00,40758.0,4745689300.0
688,01/22/22 08:00:00,36510.462,4138672930.0
689,01/23/22 08:00:00,35064.5,3964410680.0
690,01/24/22 08:00:00,36299.535,4081083704.0
691,01/25/22 08:00:00,36670.0,4049749183.0
692,01/26/22 08:00:00,36958.1817,4147547383.0
693,01/27/22 08:00:00,36804.5,4060334182.0
694,01/28/22 08:00:00,37120.185,4035170719.0
695,01/29/22 08:00:00,37707.5,4167620641.0
696,01/30/22 08:00:00,38146.209,4283667141.0
697,01/31/22 08:00:00,37881.0,4289162887.0
698,02/01/22 08:00:00,38499.427,4555826578.0
699,02/02/22 08:00:00,38669.2,4390998031.0
700,02/03/22 08:00:00,36947.048,4204434941.0
701,02/04/22 08:00:00,37270.72,4221060107.0
702,02/05/22 08:00:00,41572.0,4748026881.0
703,02/06/22 08:00:00,41437.036,4753919647.0
704,02/07/22 08:00:00,42382.5,4823618411.0
705,02/08/22 08:00:00,43835.4,4872948256.0
706,02/09/22 08:00:00,44001.5,4680279250.0
707,02/10/22 08:00:00,44301.67,4755094239.0
708,02/11/22 08:00:00,43512.5,4549501956.0
709,02/12/22 08:00:00,42413.51,4498498538.0
710,02/13/22 08:00:00,42206.0,4476946594.0
711,02/14/22 08:00:00,42062.88,4424167090.0
712,02/15/22 08:00:00,42530.3,4558016438.0
713,02/16/22 08:00:00,44547.819,4811399866.0
714,02/17/22 08:00:00,43864.0,4798900445.0
715,02/18/22 08:00:00,40519.023,4405297935.0
716,02/19/22 08:00:00,39977.4,4290290443.0
717,02/20/22 08:00:00,40112.975,4414921143.0
718,02/21/22 08:00:00,38388.337,4188914996.0
719,02/22/22 08:00:00,36989.0,4038977555.0
720,02/23/22 08:00:00,38250.99,4206692062.0
721,02/24/22 08:00:00,37237.5,4037956005.0
722,02/25/22 08:00:00,38366.8252,3794060871.0
723,02/26/22 08:00:00,39192.5,3922003338.0
724,02/27/22 08:00:00,39125.055,3903489242.0
725,02/28/22 08:00:00,37672.5,3763336833.0
726,03/01/22 08:00:00,43198.5844,4272104027.0
727,03/02/22 08:00:00,44412.5,4455903668.0
728,03/03/22 08:00:00,43939.8479,4527804674.0
729,03/04/22 08:00:00,42456.0,4496112394.0
730,03/05/22 08:00:00,39109.3443,4247973196.0
731,03/06/22 08:00:00,39382.0,4279660331.0
732,03/07/22 08:00:00,38344.63,4023752104.0
733,03/08/22 08:00:00,37972.4,3842866381.0
734,03/09/22 08:00:00,38733.1,3897288930.0
735,03/10/22 08:00:00,41983.72,4298458424.0
736,03/11/22 08:00:00,39411.0,3993225180.0
737,03/12/22 08:00:00,38752.4,3948096149.0
738,03/13/22 08:00:00,38781.0,4038500886.0
739,03/14/22 08:00:00,37827.262,4138485079.0
740,03/15/22 08:00:00,39655.5,4230194416.0
741,03/16/22 08:00:00,39318.47,4285774574.0
742,03/17/22 08:00:00,38667.5,4379334473.0
743,03/18/22 08:00:00,40973.655,4366421063.0
744,03/19/22 08:00:00,41780.5,4508599978.0
745,03/20/22 08:00:00,42221.173,4534949712.0
746,03/21/22 08:00:00,41256.0,4337676063.0
747,03/22/22 08:00:00,41032.58,4222615874.0
748,03/23/22 08:00:00,42394.038,4389634846.0
749,03/24/22 08:00:00,42926.608,4358364374.0
750,03/25/22 08:00:00,43983.5544,4828771084.0
751,03/26/22 08:00:00,44311.0,4740777320.0
752,03/27/22 08:00:00,44513.25,4755378656.0
753,03/28/22 08:00:00,46835.0,4969060897.0
754,03/29/22 08:00:00,47189.575,4879280866.0
755,03/30/22 08:00:00,47422.5,4869182454.0
756,03/31/22 08:00:00,47059.44,4828301420.0
757,04/01/22 08:00:00,45502.0,4631701014.0
758,04/02/22 08:00:00,46252.36,4598020108.0
759,04/03/22 08:00:00,45803.0,4482264821.0
760,04/04/22 08:00:00,46455.003,4547360605.0
761,04/05/22 08:00:00,46590.0,4625309611.0
762,04/06/22 08:00:00,45526.82,4711420616.0
763,04/07/22 08:00:00,43179.0,4740846406.0
764,04/08/22 08:00:00,43471.421,4728430918.0
765,04/09/22 08:00:00,42242.7,4705837793.0
766,04/10/22 08:00:00,42734.2,4770454139.0
767,04/11/22 08:00:00,42141.3,4763628328.0
768,04/12/22 08:00:00,39509.0,4526488075.0
769,04/13/22 08:00:00,40080.98,4521413199.0
770,04/14/22 08:00:00,41132.5,4448859190.0
771,04/15/22 08:00:00,39900.813,4478603793.0
772,04/16/22 08:00:00,40527.0,4468851041.0
773,04/17/22 08:00:00,40415.1413,4461772068.0
774,04/18/22 08:00:00,39678.5,4508456884.0
775,04/19/22 08:00:00,40790.718,4424287771.0
776,04/20/22 08:00:00,41502.0,4517353300.0
777,04/21/22 08:00:00,41346.0,4499210524.0
778,04/22/22 08:00:00,40499.948,4443120412.0
779,04/23/22 08:00:00,39674.3,4569164226.0
780,04/24/22 08:00:00,39433.9,4593313153.0
781,04/25/22 08:00:00,39442.5,4564896102.0
782,04/26/22 08:00:00,40462.9058,4519436580.0
783,04/27/22 08:00:00,38102.86,4526712009.0
784,04/28/22 08:00:00,39240.0,4436038751.0
785,04/29/22 08:00:00,39744.039,4336419398.0
786,04/30/22 08:00:00,38591.0,4400463196.0
787,05/01/22 08:00:00,37672.554,4418008751.0
788,05/02/22 08:00:00,38448.5,4376939865.0
789,05/03/22 08:00:00,38495.602,4306093158.0
790,05/04/22 08:00:00,37725.0,4680393943.0
791,05/05/22 08:00:00,39693.84,4550047530.0
792,05/06/22 08:00:00,36535.9,4495270569.0
793,05/07/22 08:00:00,36029.104,4378472304.0
794,05/08/22 08:00:00,35459.0,4419371967.0
795,05/09/22 08:00:00,34038.4,4203849484.0
796,05/10/22 08:00:00,30123.17,3668762349.0
797,05/11/22 08:00:00,31002.0,3591660477.0
798,05/12/22 08:00:00,28965.0279,3336157254.0
799,05/13/22 08:00:00,28927.5,3102423061.0
800,05/14/22 08:00:00,29264.4188,3222277202.0
801,05/15/22 08:00:00,30076.9,3089453680.0
802,05/16/22 08:00:00,31280.05,3299949290.0
803,05/17/22 08:00:00,29859.9,3248708088.0
804,05/18/22 08:00:00,30432.0,3259862109.0
805,05/19/22 08:00:00,28657.26,3324922687.0
806,05/20/22 08:00:00,30324.0,3677061576.0
807,05/21/22 08:00:00,29187.108,3440824852.0
808,05/22/22 08:00:00,29436.5,3383387559.0
809,05/23/22 08:00:00,30301.571,3630490840.0
810,05/24/22 08:00:00,29084.0,3512436163.0
811,05/25/22 08:00:00,29645.8,3582502872.0
812,05/26/22 08:00:00,29527.78,3463952423.0
813,05/27/22 08:00:00,29196.0,3540754824.0
814,05/28/22 08:00:00,28579.496,3537261413.0
815,05/29/22 08:00:00,28987.0,3546907887.0
816,05/30/22 08:00:00,29458.1,3711406038.0
817,05/31/22 08:00:00,31697.0,3976996413.0
818,06/01/22 08:00:00,31784.577,4007581726.0
819,06/02/22 08:00:00,29790.0,3683978313.0
820,06/03/22 08:00:00,30443.0,3765784750.0
821,06/04/22 08:00:00,29670.21,3672584909.0
822,06/05/22 08:00:00,29847.5,3659473771.0
823,06/06/22 08:00:00,29880.758,3683569365.0
824,06/07/22 08:00:00,31338.0,4251347716.0
825,06/08/22 08:00:00,31118.423,3872458945.0
826,06/09/22 08:00:00,30195.0,3586917871.0
827,06/10/22 08:00:00,30095.4,3746424941.0
828,06/11/22 08:00:00,29050.573,3816155905.0
829,06/12/22 08:00:00,28417.0,3845838801.0
830,06/13/22 08:00:00,26636.827,3542706293.0
831,06/14/22 08:00:00,22430.5,2891273992.0
832,06/15/22 08:00:00,22182.466,2801581079.0
833,06/16/22 08:00:00,22590.0,2807578649.0
834,06/17/22 08:00:00,20351.95,2732156364.0
835,06/18/22 08:00:00,20453.4,2778227802.0
836,06/19/22 08:00:00,18937.0,2586184562.0
837,06/20/22 08:00:00,20552.24,2730533171.0
838,06/21/22 08:00:00,20562.0,2734070254.0
839,06/22/22 08:00:00,20698.87,2828013016.0
840,06/23/22 08:00:00,19960.88,2785891353.0
841,06/24/22 08:00:00,21109.0,2975674855.0
842,06/25/22 08:00:00,21190.55,2825480816.0
843,06/26/22 08:00:00,21502.5,3016880986.0
844,06/27/22 08:00:00,21042.36,2873167557.0
845,06/28/22 08:00:00,20735.2,2819789097.0
846,06/29/22 08:00:00,20251.34,2843710931.0
847,06/30/22 08:00:00,20101.0,2782858475.0
848,07/01/22 08:00:00,19893.5,2680992477.0
849,07/02/22 08:00:00,19247.1422,2543355672.0
850,07/03/22 08:00:00,19234.5,2602143622.0
851,07/04/22 08:00:00,19282.89,2623490056.0
852,07/05/22 08:00:00,20195.5,2900747040.0
853,07/06/22 08:00:00,20184.933,2860821035.0
854,07/07/22 08:00:00,20554.0,2959676216.0
855,07/08/22 08:00:00,21640.47,3373497704.0
856,07/09/22 08:00:00,21628.03,3236689494.0
857,07/10/22 08:00:00,21593.0,3203886353.0
858,07/11/22 08:00:00,20848.9072,2988107598.0
859,07/12/22 08:00:00,19936.0,2885761649.0
860,07/13/22 08:00:00,19289.61,2854088319.0
861,07/14/22 08:00:00,20249.9,2932758648.0
862,07/15/22 08:00:00,20571.355,3061137242.0
863,07/16/22 08:00:00,20823.0,3141494986.0
864,07/17/22 08:00:00,21201.5,3205557909.0
865,07/18/22 08:00:00,20763.35,3178419354.0
866,07/19/22 08:00:00,22486.5,3350895783.0
867,07/20/22 08:00:00,23392.145,3678724344.0
868,07/21/22 08:00:00,23214.5,3478946226.0
869,07/22/22 08:00:00,23175.468,3435434789.0
870,07/23/22 08:00:00,22682.5,3465336271.0
871,07/24/22 08:00:00,22467.1515,3479891291.0
872,07/25/22 08:00:00,22577.8549,3442999911.0
873,07/26/22 08:00:00,21318.0,3127297155.0
874,07/27/22 08:00:00,21283.09,3150145583.0
875,07/28/22 08:00:00,22943.5,3460050152.0
876,07/29/22 08:00:00,23840.315,3518394537.0
877,07/30/22 08:00:00,23762.8,3573409682.0
878,07/31/22 08:00:00,23657.73,3626384836.0
879,08/01/22 08:00:00,23300.0,3484332116.0
880,08/02/22 08:00:00,23255.0,3426351849.0
881,08/03/22 08:00:00,22976.62,3386394066.0
882,08/04/22 08:00:00,22846.5,3491455302.0
883,08/05/22 08:00:00,22622.27,3384237265.0
884,08/06/22 08:00:00,23310.5,3358303553.0
885,08/07/22 08:00:00,22942.35,3387739251.0
886,08/08/22 08:00:00,23175.5,3406213152.0
887,08/09/22 08:00:00,23797.27,3745052293.0
888,08/10/22 08:00:00,23155.655,3545764205.0
889,08/11/22 08:00:00,23973.0,3582321747.0
890,08/12/22 08:00:00,23961.998,3707321352.0
891,08/13/22 08:00:00,24391.0,3747700136.0
892,08/14/22 08:00:00,24427.221,3861506132.0
893,08/15/22 08:00:00,24308.0,3702691689.0
894,08/16/22 08:00:00,24104.3,3504424189.0
895,08/17/22 08:00:00,23868.458,3484509455.0
896,08/18/22 08:00:00,23328.7,3654704495.0
897,08/19/22 08:00:00,23198.19,3609161021.0
898,08/20/22 08:00:00,20847.057,3104630331.0
899,08/21/22 08:00:00,21167.0,3137738709.0
900,08/22/22 08:00:00,21525.0,3191264004.0
901,08/23/22 08:00:00,21390.0,3159331427.0
902,08/24/22 08:00:00,21537.1983,3211784729.0
903,08/25/22 08:00:00,21366.0,3203186320.0
904,08/26/22 08:00:00,21556.0,3234746111.0
905,08/27/22 08:00:00,20246.455,3229876920.0
906,08/28/22 08:00:00,20024.0,3263088691.0
907,08/29/22 08:00:00,19558.715,3175632447.0
908,08/30/22 08:00:00,20293.5,3293533283.0
909,08/31/22 08:00:00,19798.1,3254019082.0
910,09/01/22 08:00:00,20056.1,3086549461.0
911,09/02/22 08:00:00,20132.1146,3233623802.0
912,09/03/22 08:00:00,19945.5,3135666751.0
913,09/04/22 08:00:00,19843.03,3373101076.0
914,09/05/22 08:00:00,19983.7259,3297427461.0
915,09/06/22 08:00:00,19798.0,3388557201.0
916,09/07/22 08:00:00,18799.451,3321842521.0
917,09/08/22 08:00:00,19261.5,3179500135.0
918,09/09/22 08:00:00,19328.198,3143198389.0
919,09/10/22 08:00:00,21374.5,3788762805.0
920,09/11/22 08:00:00,21635.4,3889321774.0
921,09/12/22 08:00:00,21779.475,4024455299.0
922,09/13/22 08:00:00,22390.5,4184891245.0
923,09/14/22 08:00:00,20169.86,3339263643.0
924,09/15/22 08:00:00,20209.5,3244601412.0
925,09/16/22 08:00:00,19700.7862,3195365229.0
926,09/17/22 08:00:00,19796.7,3276291168.0
927,09/18/22 08:00:00,20140.37,3370907407.0
928,09/19/22 08:00:00,19405.6,3271135780.0
929,09/20/22 08:00:00,19533.0,3074237058.0
930,09/21/22 08:00:00,18869.786,2982325569.0
931,09/22/22 08:00:00,18445.5,2935473094.0
932,09/23/22 08:00:00,19409.739,3184018497.0
933,09/24/22 08:00:00,19290.0,3095889014.0
934,09/25/22 08:00:00,18948.598,3090483804.0
935,09/26/22 08:00:00,18797.0,3115034987.0
936,09/27/22 08:00:00,19213.0,3305904775.0
937,09/28/22 08:00:00,19101.129,3279156372.0
938,09/29/22 08:00:00,19420.0,3384163531.0
939,09/30/22 08:00:00,19593.7161,3445112704.0
940,10/01/22 08:00:00,19414.5,3208677035.0
941,10/02/22 08:00:00,19317.298,3231949521.0
942,10/03/22 08:00:00,19041.0,3225684022.0
943,10/04/22 08:00:00,19634.72,3514487678.0
944,10/05/22 08:00:00,20329.2,4321712925.0
945,10/06/22 08:00:00,20160.0,4125513839.0
946,10/07/22 08:00:00,19951.445,4042214645.0
947,10/08/22 08:00:00,19517.0,3749896437.0
948,10/09/22 08:00:00,19411.94,3695303144.0
949,10/10/22 08:00:00,19443.5,3711144987.0
950,10/11/22 08:00:00,19134.0855,3821107288.0
951,10/12/22 08:00:00,19055.0,3899227513.0
952,10/13/22 08:00:00,19145.152,3797506524.0
953,10/14/22 08:00:00,19378.5,3875694705.0
954,10/15/22 08:00:00,19180.0,3665626080.0
955,10/16/22 08:00:00,19059.185,3696116705.0
956,10/17/22 08:00:00,19258.5,3603695520.0
957,10/18/22 08:00:00,19564.0,3938717419.0
958,10/19/22 08:00:00,19321.0,3802539247.0
959,10/20/22 08:00:00,19126.618,3816983170.0
960,10/21/22 08:00:00,19040.0,3881396805.0
961,10/22/22 08:00:00,19167.59,3760828289.0
962,10/23/22 08:00:00,19196.2813,3764624551.0
963,10/24/22 08:00:00,19563.5,4042243490.0
964,10/25/22 08:00:00,19351.0,3693477989.0
965,10/26/22 08:00:00,20078.5,4223169351.0
966,10/27/22 08:00:00,20776.0,4437446024.0
967,10/28/22 08:00:00,20297.5,4008530743.0
968,10/29/22 08:00:00,20594.0,3954348263.0
969,10/30/22 08:00:00,20814.325,4124379997.0
970,10/31/22 08:00:00,20630.0,3879347987.0
971,11/01/22 08:00:00,20494.035,3647231878.0
972,11/02/22 08:00:00,20482.5,3661760653.0
973,11/03/22 08:00:00,20148.289,3529855997.0
974,11/04/22 08:00:00,20199.7,3539520602.0
975,11/05/22 08:00:00,21140.704,3987402567.0
976,11/06/22 08:00:00,21292.3,4160859720.0
977,11/07/22 08:00:00,20930.88,3892677889.0
978,11/08/22 08:00:00,20594.517,3657639335.0
979,11/10/22 08:00:00,15876.5,2965306557.0
980,11/11/22 08:00:00,17553.482,2976101988.0
981,11/12/22 08:00:00,17013.2,2819494806.0
982,11/13/22 08:00:00,16776.765,2801126937.0
983,11/14/22 08:00:00,16282.0,2779480904.0
984,11/15/22 08:00:00,16576.695,2759859994.0
985,11/16/22 08:00:00,16883.5,2859125843.0
986,11/17/22 08:00:00,16660.959,2910684302.0
987,11/18/22 08:00:00,16663.5,2951802469.0
988,11/19/22 08:00:00,16673.4521,2927291928.0
989,11/20/22 08:00:00,16702.3,2911325310.0
990,11/21/22 08:00:00,16263.976,2913841455.0
991,11/22/22 08:00:00,15774.0,2954543773.0
992,11/23/22 08:00:00,16181.7,2989697311.0
993,11/24/22 08:00:00,16590.1,2938291143.0
994,11/25/22 08:00:00,16601.08,2936489716.0
995,11/26/22 08:00:00,16513.0,2948537808.0
996,11/27/22 08:00:00,16454.69,2962502486.0
997,11/28/22 08:00:00,16440.0,2982211274.0
998,11/29/22 08:00:00,16220.2369,2918298131.0
999,11/30/22 08:00:00,16420.0,2985434195.0
1000,12/01/22 08:00:00,17169.25,3063831374.0
1001,12/02/22 08:00:00,16975.0,3062171139.0
1002,12/03/22 08:00:00,17074.13,3046388332.0
1003,12/04/22 08:00:00,16880.0,3029665998.0
1004,12/05/22 08:00:00,17123.929,3187566896.0
1005,12/06/22 08:00:00,16959.0,2989652767.0
1006,12/07/22 08:00:00,17078.79,2775214443.0
1007,12/08/22 08:00:00,16830.0,2690676084.0
1008,12/09/22 08:00:00,17243.785,2797630594.0
1009,12/10/22 08:00:00,17110.0,2743773541.0
1010,12/11/22 08:00:00,17115.0801,2770821581.0
1011,12/12/22 08:00:00,17079.0,2738552618.0
1012,12/13/22 08:00:00,17207.3,2668465228.0
1013,12/14/22 08:00:00,17767.0,2729814008.0
1014,12/15/22 08:00:00,17790.9331,2822124747.0
1015,12/16/22 08:00:00,17353.0,2702225352.0
1016,12/17/22 08:00:00,16624.15,2419274405.0
1017,12/18/22 08:00:00,16769.0,2438824317.0
1018,12/19/22 08:00:00,16743.7,2418427236.0
1019,12/20/22 08:00:00,16433.5,2377371184.0
1020,12/21/22 08:00:00,16895.6,2393657562.0
1021,12/22/22 08:00:00,16826.0,2401164985.0
1022,12/23/22 08:00:00,16816.8,2466295049.0
1023,12/24/22 08:00:00,16780.0,2450065084.0
1024,12/25/22 08:00:00,16839.72,2446532351.0
1025,12/26/22 08:00:00,16832.0,2433440736.0
1026,12/27/22 08:00:00,16926.1595,2444102779.0
1027,12/28/22 08:00:00,16697.0,2548441160.0
1028,12/29/22 08:00:00,16541.77,2589948145.0
1029,12/30/22 08:00:00,16622.5,2615697104.0
1030,12/31/22 08:00:00,16596.475,2535935590.0
1031,01/01/23 08:00:00,16531.0,2495466213.0
1032,01/02/23 08:00:00,16614.56,2559670880.0
1033,01/03/23 08:00:00,16671.0,2490619796.0
1034,01/04/23 08:00:00,16680.69,2489734022.0
1035,01/05/23 08:00:00,16850.0,2443980398.0
1036,01/06/23 08:00:00,16834.0781,2485570347.0
1037,01/07/23 08:00:00,16953.0,2509234531.0
1038,01/08/23 08:00:00,16935.935,2541300871.0
1039,01/09/23 08:00:00,17133.5,2519329984.0
1040,01/10/23 08:00:00,17176.61,2572218464.0
1041,01/11/23 08:00:00,17452.0,2789899818.0
1042,01/12/23 08:00:00,17932.18,2749666201.0
1043,01/13/23 08:00:00,18861.5,2917887837.0
1044,01/14/23 08:00:00,19927.104,3104920356.0
1045,01/15/23 08:00:00,20962.5,2811556918.0
1046,01/16/23 08:00:00,20885.01,2822615556.0
1047,01/17/23 08:00:00,21199.0,2918986699.0
1048,01/18/23 08:00:00,21139.0369,3013474729.0
1049,01/19/23 08:00:00,20685.0,2951073554.0
1050,01/20/23 08:00:00,21087.5,3081797468.0
1051,01/21/23 08:00:00,22674.0,3166253340.0
1052,01/22/23 08:00:00,22782.44,3091512366.0
1053,01/23/23 08:00:00,22718.0,3051110312.0
1054,01/24/23 08:00:00,22933.6345,3046547678.0
1055,01/25/23 08:00:00,22648.5,3048669680.0
1056,01/26/23 08:00:00,23063.691,2928466991.0
1057,01/27/23 08:00:00,23022.0,2981778353.0
1058,01/28/23 08:00:00,23073.7408,3033831423.0
1059,01/29/23 08:00:00,23034.0,3037283674.0
1060,01/30/23 08:00:00,23752.1,3501920078.0
1061,01/31/23 08:00:00,22831.0,3116479390.0
1062,02/01/23 08:00:00,23130.62,3270338559.0
1063,02/02/23 08:00:00,23754.5,3447123954.0
1064,02/03/23 08:00:00,23493.793,3355769213.0
1065,02/04/23 08:00:00,23450.0,3312603275.0
1066,02/05/23 08:00:00,23315.48,3330069677.0
1067,02/06/23 08:00:00,22953.0,3387617567.0
1068,02/07/23 08:00:00,22765.79,3359774713.0
1069,02/08/23 08:00:00,23250.0,3402029100.0
1070,02/09/23 08:00:00,22931.136,3474052262.0
1071,02/10/23 08:00:00,21803.0,3179863689.0
1072,02/11/23 08:00:00,21649.41,3212885098.0
1073,02/12/23 08:00:00,21861.5,3193885789.0
1074,02/13/23 08:00:00,21796.79,3119407247.0
1075,02/14/23 08:00:00,21774.0,3091735771.0
1076,02/15/23 08:00:00,22222.126,3273736039.0
1077,02/16/23 08:00:00,24364.5,3700801280.0
1078,02/17/23 08:00:00,23524.2,3600455739.0
1079,02/18/23 08:00:00,24550.683,3705140734.0
1080,02/19/23 08:00:00,24636.8,3822385952.0
1081,02/20/23 08:00:00,24303.559,3723439641.0
1082,02/21/23 08:00:00,24849.9,3889808248.0
1083,02/22/23 08:00:00,24432.0,3801210269.0
1084,02/23/23 08:00:00,24171.3,3690399551.0
1085,02/24/23 08:00:00,23943.32,3630517858.0
1086,02/25/23 08:00:00,23175.5,3527551420.0
1087,02/26/23 08:00:00,23174.4045,3597585827.0
1088,02/27/23 08:00:00,23545.3,3568465392.0
1089,02/28/23 08:00:00,23516.97,3426010290.0
1090,03/01/23 08:00:00,23119.5,3458440483.0
1091,03/02/23 08:00:00,23649.37,3508580803.0
1092,03/03/23 08:00:00,23457.1,3611535387.0
1093,03/04/23 08:00:00,22362.2286,3288830802.0
1094,03/05/23 08:00:00,22335.7,3256624780.0
1095,03/06/23 08:00:00,22418.5849,3245340748.0
1096,03/07/23 08:00:00,22397.0,3324317630.0
1097,03/08/23 08:00:00,22187.7105,3326151869.0
1098,03/09/23 08:00:00,21695.4,3328494201.0
1099,03/10/23 08:00:00,20364.898,2950799548.0
1100,03/11/23 08:00:00,20140.4,2889602782.0
1101,03/12/23 08:00:00,20619.665,2847887867.0
1102,03/13/23 08:00:00,21983.5,2824368096.0
1103,03/14/23 08:00:00,24205.662,3397309699.0
1104,03/15/23 08:00:00,24685.6,3385194573.0
1105,03/15/23 16:49:35,24801.2,3419402943.1645
