timestamp,LDO抄底指标线,timestamp,LDO: Price,timestamp,抄底线2,timestamp,抄底线1
2021-04-04T00:00:00.000Z,1.196391429,2021-04-04T00:00:00.000Z,1.537006179,2021-04-04T00:00:00.000Z,0.6,2021-04-04T00:00:00.000Z,0.7
2021-04-05T00:00:00.000Z,1.007531421,2021-04-05T00:00:00.000Z,1.289080223,2021-04-05T00:00:00.000Z,0.6,2021-04-05T00:00:00.000Z,0.7
2021-04-06T00:00:00.000Z,0.908013692,2021-04-06T00:00:00.000Z,1.155698255,2021-04-06T00:00:00.000Z,0.6,2021-04-06T00:00:00.000Z,0.7
2021-04-07T00:00:00.000Z,0.917289839,2021-04-07T00:00:00.000Z,1.164919974,2021-04-07T00:00:00.000Z,0.6,2021-04-07T00:00:00.000Z,0.7
2021-04-08T00:00:00.000Z,0.983967841,2021-04-08T00:00:00.000Z,1.246818764,2021-04-08T00:00:00.000Z,0.6,2021-04-08T00:00:00.000Z,0.7
2021-04-09T00:00:00.000Z,0.938801071,2021-04-09T00:00:00.000Z,1.193189884,2021-04-09T00:00:00.000Z,0.6,2021-04-09T00:00:00.000Z,0.7
2021-04-10T00:00:00.000Z,1.112549719,2021-04-10T00:00:00.000Z,1.419240493,2021-04-10T00:00:00.000Z,0.6,2021-04-10T00:00:00.000Z,0.7
2021-04-11T00:00:00.000Z,1.010013884,2021-04-11T00:00:00.000Z,1.293059957,2021-04-11T00:00:00.000Z,0.6,2021-04-11T00:00:00.000Z,0.7
2021-04-12T00:00:00.000Z,0.87434116,2021-04-12T00:00:00.000Z,1.122265588,2021-04-12T00:00:00.000Z,0.6,2021-04-12T00:00:00.000Z,0.7
2021-04-13T00:00:00.000Z,0.925481826,2021-04-13T00:00:00.000Z,1.189504637,2021-04-13T00:00:00.000Z,0.6,2021-04-13T00:00:00.000Z,0.7
2021-04-14T00:00:00.000Z,0.763769886,2021-04-14T00:00:00.000Z,0.980812227,2021-04-14T00:00:00.000Z,0.6,2021-04-14T00:00:00.000Z,0.7
2021-04-15T00:00:00.000Z,0.838664853,2021-04-15T00:00:00.000Z,1.077621742,2021-04-15T00:00:00.000Z,0.6,2021-04-15T00:00:00.000Z,0.7
2021-04-16T00:00:00.000Z,0.89804405,2021-04-16T00:00:00.000Z,1.156538576,2021-04-16T00:00:00.000Z,0.6,2021-04-16T00:00:00.000Z,0.7
2021-04-17T00:00:00.000Z,0.876052398,2021-04-17T00:00:00.000Z,1.131028546,2021-04-17T00:00:00.000Z,0.6,2021-04-17T00:00:00.000Z,0.7
2021-04-18T00:00:00.000Z,0.738000682,2021-04-18T00:00:00.000Z,0.954100435,2021-04-18T00:00:00.000Z,0.6,2021-04-18T00:00:00.000Z,0.7
2021-04-19T00:00:00.000Z,0.711320267,2021-04-19T00:00:00.000Z,0.920163291,2021-04-19T00:00:00.000Z,0.6,2021-04-19T00:00:00.000Z,0.7
2021-04-20T00:00:00.000Z,0.762219416,2021-04-20T00:00:00.000Z,0.986476279,2021-04-20T00:00:00.000Z,0.6,2021-04-20T00:00:00.000Z,0.7
2021-04-21T00:00:00.000Z,0.755759867,2021-04-21T00:00:00.000Z,0.981040676,2021-04-21T00:00:00.000Z,0.6,2021-04-21T00:00:00.000Z,0.7
2021-04-22T00:00:00.000Z,0.703767974,2021-04-22T00:00:00.000Z,0.91575066,2021-04-22T00:00:00.000Z,0.6,2021-04-22T00:00:00.000Z,0.7
2021-04-23T00:00:00.000Z,0.661142106,2021-04-23T00:00:00.000Z,0.860943552,2021-04-23T00:00:00.000Z,0.6,2021-04-23T00:00:00.000Z,0.7
2021-04-24T00:00:00.000Z,0.680798915,2021-04-24T00:00:00.000Z,0.886345221,2021-04-24T00:00:00.000Z,0.6,2021-04-24T00:00:00.000Z,0.7
2021-04-25T00:00:00.000Z,0.74921553,2021-04-25T00:00:00.000Z,0.974988987,2021-04-25T00:00:00.000Z,0.6,2021-04-25T00:00:00.000Z,0.7
2021-04-26T00:00:00.000Z,0.761813364,2021-04-26T00:00:00.000Z,0.983780893,2021-04-26T00:00:00.000Z,0.6,2021-04-26T00:00:00.000Z,0.7
2021-04-27T00:00:00.000Z,1.071402041,2021-04-27T00:00:00.000Z,1.380768338,2021-04-27T00:00:00.000Z,0.6,2021-04-27T00:00:00.000Z,0.7
2021-04-28T00:00:00.000Z,1.445811093,2021-04-28T00:00:00.000Z,1.870942828,2021-04-28T00:00:00.000Z,0.6,2021-04-28T00:00:00.000Z,0.7
2021-04-29T00:00:00.000Z,1.421477459,2021-04-29T00:00:00.000Z,1.846513701,2021-04-29T00:00:00.000Z,0.6,2021-04-29T00:00:00.000Z,0.7
2021-04-30T00:00:00.000Z,2.156170925,2021-04-30T00:00:00.000Z,2.836023678,2021-04-30T00:00:00.000Z,0.6,2021-04-30T00:00:00.000Z,0.7
2021-05-01T00:00:00.000Z,2.006449509,2021-05-01T00:00:00.000Z,2.653893016,2021-05-01T00:00:00.000Z,0.6,2021-05-01T00:00:00.000Z,0.7
2021-05-02T00:00:00.000Z,1.771056757,2021-05-02T00:00:00.000Z,2.330333589,2021-05-02T00:00:00.000Z,0.6,2021-05-02T00:00:00.000Z,0.7
2021-05-03T00:00:00.000Z,1.950853573,2021-05-03T00:00:00.000Z,2.560755091,2021-05-03T00:00:00.000Z,0.6,2021-05-03T00:00:00.000Z,0.7
2021-05-04T00:00:00.000Z,1.632533185,2021-05-04T00:00:00.000Z,2.127473535,2021-05-04T00:00:00.000Z,0.6,2021-05-04T00:00:00.000Z,0.7
2021-05-05T00:00:00.000Z,2.293383221,2021-05-05T00:00:00.000Z,2.998252546,2021-05-05T00:00:00.000Z,0.6,2021-05-05T00:00:00.000Z,0.7
2021-05-06T00:00:00.000Z,2.642811042,2021-05-06T00:00:00.000Z,3.470246249,2021-05-06T00:00:00.000Z,0.6,2021-05-06T00:00:00.000Z,0.7
2021-05-07T00:00:00.000Z,2.825041649,2021-05-07T00:00:00.000Z,3.74272468,2021-05-07T00:00:00.000Z,0.6,2021-05-07T00:00:00.000Z,0.7
2021-05-08T00:00:00.000Z,3.831028393,2021-05-08T00:00:00.000Z,5.19003896,2021-05-08T00:00:00.000Z,0.6,2021-05-08T00:00:00.000Z,0.7
2021-05-09T00:00:00.000Z,3.437729321,2021-05-09T00:00:00.000Z,4.737328324,2021-05-09T00:00:00.000Z,0.6,2021-05-09T00:00:00.000Z,0.7
2021-05-10T00:00:00.000Z,3.332259444,2021-05-10T00:00:00.000Z,4.671820882,2021-05-10T00:00:00.000Z,0.6,2021-05-10T00:00:00.000Z,0.7
2021-05-11T00:00:00.000Z,3.224080217,2021-05-11T00:00:00.000Z,4.607799601,2021-05-11T00:00:00.000Z,0.6,2021-05-11T00:00:00.000Z,0.7
2021-05-12T00:00:00.000Z,2.783900807,2021-05-12T00:00:00.000Z,4.033296259,2021-05-12T00:00:00.000Z,0.6,2021-05-12T00:00:00.000Z,0.7
2021-05-13T00:00:00.000Z,2.823712831,2021-05-13T00:00:00.000Z,4.149434316,2021-05-13T00:00:00.000Z,0.6,2021-05-13T00:00:00.000Z,0.7
2021-05-14T00:00:00.000Z,2.927610168,2021-05-14T00:00:00.000Z,4.365444544,2021-05-14T00:00:00.000Z,0.6,2021-05-14T00:00:00.000Z,0.7
2021-05-15T00:00:00.000Z,2.504161143,2021-05-15T00:00:00.000Z,3.768636826,2021-05-15T00:00:00.000Z,0.6,2021-05-15T00:00:00.000Z,0.7
2021-05-16T00:00:00.000Z,2.246035402,2021-05-16T00:00:00.000Z,3.404661711,2021-05-16T00:00:00.000Z,0.6,2021-05-16T00:00:00.000Z,0.7
2021-05-17T00:00:00.000Z,2.01954208,2021-05-17T00:00:00.000Z,3.071509961,2021-05-17T00:00:00.000Z,0.6,2021-05-17T00:00:00.000Z,0.7
2021-05-18T00:00:00.000Z,2.632759591,2021-05-18T00:00:00.000Z,4.059866656,2021-05-18T00:00:00.000Z,0.6,2021-05-18T00:00:00.000Z,0.7
2021-05-19T00:00:00.000Z,1.586791275,2021-05-19T00:00:00.000Z,2.454070705,2021-05-19T00:00:00.000Z,0.6,2021-05-19T00:00:00.000Z,0.7
2021-05-20T00:00:00.000Z,2.018201121,2021-05-20T00:00:00.000Z,3.153155228,2021-05-20T00:00:00.000Z,0.6,2021-05-20T00:00:00.000Z,0.7
2021-05-21T00:00:00.000Z,1.386574816,2021-05-21T00:00:00.000Z,2.175436746,2021-05-21T00:00:00.000Z,0.6,2021-05-21T00:00:00.000Z,0.7
2021-05-22T00:00:00.000Z,1.258574245,2021-05-22T00:00:00.000Z,1.980731913,2021-05-22T00:00:00.000Z,0.6,2021-05-22T00:00:00.000Z,0.7
2021-05-23T00:00:00.000Z,1.067965979,2021-05-23T00:00:00.000Z,1.684042152,2021-05-23T00:00:00.000Z,0.6,2021-05-23T00:00:00.000Z,0.7
2021-05-24T00:00:00.000Z,1.486143878,2021-05-24T00:00:00.000Z,2.364967867,2021-05-24T00:00:00.000Z,0.6,2021-05-24T00:00:00.000Z,0.7
2021-05-25T00:00:00.000Z,1.629807539,2021-05-25T00:00:00.000Z,2.622074622,2021-05-25T00:00:00.000Z,0.6,2021-05-25T00:00:00.000Z,0.7
2021-05-26T00:00:00.000Z,1.620712663,2021-05-26T00:00:00.000Z,2.637521755,2021-05-26T00:00:00.000Z,0.6,2021-05-26T00:00:00.000Z,0.7
2021-05-27T00:00:00.000Z,1.42721421,2021-05-27T00:00:00.000Z,2.344955915,2021-05-27T00:00:00.000Z,0.6,2021-05-27T00:00:00.000Z,0.7
2021-05-28T00:00:00.000Z,1.111314506,2021-05-28T00:00:00.000Z,1.837376294,2021-05-28T00:00:00.000Z,0.6,2021-05-28T00:00:00.000Z,0.7
2021-05-29T00:00:00.000Z,1.026111983,2021-05-29T00:00:00.000Z,1.706562981,2021-05-29T00:00:00.000Z,0.6,2021-05-29T00:00:00.000Z,0.7
2021-05-30T00:00:00.000Z,1.159554595,2021-05-30T00:00:00.000Z,1.942515009,2021-05-30T00:00:00.000Z,0.6,2021-05-30T00:00:00.000Z,0.7
2021-05-31T00:00:00.000Z,1.326092733,2021-05-31T00:00:00.000Z,2.241646099,2021-05-31T00:00:00.000Z,0.6,2021-05-31T00:00:00.000Z,0.7
2021-06-01T00:00:00.000Z,1.23457036,2021-06-01T00:00:00.000Z,2.104645101,2021-06-01T00:00:00.000Z,0.6,2021-06-01T00:00:00.000Z,0.7
2021-06-02T00:00:00.000Z,1.313720994,2021-06-02T00:00:00.000Z,2.262660499,2021-06-02T00:00:00.000Z,0.6,2021-06-02T00:00:00.000Z,0.7
2021-06-03T00:00:00.000Z,1.409024864,2021-06-03T00:00:00.000Z,2.453152087,2021-06-03T00:00:00.000Z,0.6,2021-06-03T00:00:00.000Z,0.7
2021-06-04T00:00:00.000Z,1.233414696,2021-06-04T00:00:00.000Z,2.166198777,2021-06-04T00:00:00.000Z,0.6,2021-06-04T00:00:00.000Z,0.7
2021-06-05T00:00:00.000Z,1.214058684,2021-06-05T00:00:00.000Z,2.151731621,2021-06-05T00:00:00.000Z,0.6,2021-06-05T00:00:00.000Z,0.7
2021-06-06T00:00:00.000Z,1.181325083,2021-06-06T00:00:00.000Z,2.111446588,2021-06-06T00:00:00.000Z,0.6,2021-06-06T00:00:00.000Z,0.7
2021-06-07T00:00:00.000Z,1.276033947,2021-06-07T00:00:00.000Z,2.302670871,2021-06-07T00:00:00.000Z,0.6,2021-06-07T00:00:00.000Z,0.7
2021-06-08T00:00:00.000Z,1.366806261,2021-06-08T00:00:00.000Z,2.49392464,2021-06-08T00:00:00.000Z,0.6,2021-06-08T00:00:00.000Z,0.7
2021-06-09T00:00:00.000Z,1.558897091,2021-06-09T00:00:00.000Z,2.883020841,2021-06-09T00:00:00.000Z,0.6,2021-06-09T00:00:00.000Z,0.7
2021-06-10T00:00:00.000Z,1.424082111,2021-06-10T00:00:00.000Z,2.666052215,2021-06-10T00:00:00.000Z,0.6,2021-06-10T00:00:00.000Z,0.7
2021-06-11T00:00:00.000Z,1.22117934,2021-06-11T00:00:00.000Z,2.308829488,2021-06-11T00:00:00.000Z,0.6,2021-06-11T00:00:00.000Z,0.7
2021-06-12T00:00:00.000Z,1.167050011,2021-06-12T00:00:00.000Z,2.227482887,2021-06-12T00:00:00.000Z,0.6,2021-06-12T00:00:00.000Z,0.7
2021-06-13T00:00:00.000Z,1.22098266,2021-06-13T00:00:00.000Z,2.354312934,2021-06-13T00:00:00.000Z,0.6,2021-06-13T00:00:00.000Z,0.7
2021-06-14T00:00:00.000Z,1.311066171,2021-06-14T00:00:00.000Z,2.556081812,2021-06-14T00:00:00.000Z,0.6,2021-06-14T00:00:00.000Z,0.7
2021-06-15T00:00:00.000Z,1.150838671,2021-06-15T00:00:00.000Z,2.263341514,2021-06-15T00:00:00.000Z,0.6,2021-06-15T00:00:00.000Z,0.7
2021-06-16T00:00:00.000Z,0.988482041,2021-06-16T00:00:00.000Z,1.958728801,2021-06-16T00:00:00.000Z,0.6,2021-06-16T00:00:00.000Z,0.7
2021-06-17T00:00:00.000Z,1.039799788,2021-06-17T00:00:00.000Z,2.077355471,2021-06-17T00:00:00.000Z,0.6,2021-06-17T00:00:00.000Z,0.7
2021-06-18T00:00:00.000Z,0.95201542,2021-06-18T00:00:00.000Z,1.915744709,2021-06-18T00:00:00.000Z,0.6,2021-06-18T00:00:00.000Z,0.7
2021-06-19T00:00:00.000Z,0.936090902,2021-06-19T00:00:00.000Z,1.897609136,2021-06-19T00:00:00.000Z,0.6,2021-06-19T00:00:00.000Z,0.7
2021-06-20T00:00:00.000Z,0.94334798,2021-06-20T00:00:00.000Z,1.926896122,2021-06-20T00:00:00.000Z,0.6,2021-06-20T00:00:00.000Z,0.7
2021-06-21T00:00:00.000Z,0.706319266,2021-06-21T00:00:00.000Z,1.449608167,2021-06-21T00:00:00.000Z,0.6,2021-06-21T00:00:00.000Z,0.7
2021-06-22T00:00:00.000Z,0.69877308,2021-06-22T00:00:00.000Z,1.440866377,2021-06-22T00:00:00.000Z,0.6,2021-06-22T00:00:00.000Z,0.7
2021-06-23T00:00:00.000Z,0.797920759,2021-06-23T00:00:00.000Z,1.655074257,2021-06-23T00:00:00.000Z,0.6,2021-06-23T00:00:00.000Z,0.7
2021-06-24T00:00:00.000Z,0.82179217,2021-06-24T00:00:00.000Z,1.715282509,2021-06-24T00:00:00.000Z,0.6,2021-06-24T00:00:00.000Z,0.7
2021-06-25T00:00:00.000Z,0.701883152,2021-06-25T00:00:00.000Z,1.471322428,2021-06-25T00:00:00.000Z,0.6,2021-06-25T00:00:00.000Z,0.7
2021-06-26T00:00:00.000Z,0.695105808,2021-06-26T00:00:00.000Z,1.463483547,2021-06-26T00:00:00.000Z,0.6,2021-06-26T00:00:00.000Z,0.7
2021-06-27T00:00:00.000Z,0.767324258,2021-06-27T00:00:00.000Z,1.623784036,2021-06-27T00:00:00.000Z,0.6,2021-06-27T00:00:00.000Z,0.7
2021-06-28T00:00:00.000Z,0.793432958,2021-06-28T00:00:00.000Z,1.685264623,2021-06-28T00:00:00.000Z,0.6,2021-06-28T00:00:00.000Z,0.7
2021-06-29T00:00:00.000Z,0.811489484,2021-06-29T00:00:00.000Z,1.72907129,2021-06-29T00:00:00.000Z,0.6,2021-06-29T00:00:00.000Z,0.7
2021-06-30T00:00:00.000Z,0.804886403,2021-06-30T00:00:00.000Z,1.719587942,2021-06-30T00:00:00.000Z,0.6,2021-06-30T00:00:00.000Z,0.7
2021-07-01T00:00:00.000Z,0.761618451,2021-07-01T00:00:00.000Z,1.630137249,2021-07-01T00:00:00.000Z,0.6,2021-07-01T00:00:00.000Z,0.7
2021-07-02T00:00:00.000Z,0.709421035,2021-07-02T00:00:00.000Z,1.518373366,2021-07-02T00:00:00.000Z,0.6,2021-07-02T00:00:00.000Z,0.7
2021-07-03T00:00:00.000Z,0.728798972,2021-07-03T00:00:00.000Z,1.560034427,2021-07-03T00:00:00.000Z,0.6,2021-07-03T00:00:00.000Z,0.7
2021-07-04T00:00:00.000Z,0.759139758,2021-07-04T00:00:00.000Z,1.627837936,2021-07-04T00:00:00.000Z,0.6,2021-07-04T00:00:00.000Z,0.7
2021-07-05T00:00:00.000Z,0.714332772,2021-07-05T00:00:00.000Z,1.534766131,2021-07-05T00:00:00.000Z,0.6,2021-07-05T00:00:00.000Z,0.7
2021-07-06T00:00:00.000Z,0.893720265,2021-07-06T00:00:00.000Z,1.92776091,2021-07-06T00:00:00.000Z,0.6,2021-07-06T00:00:00.000Z,0.7
2021-07-07T00:00:00.000Z,1.031335201,2021-07-07T00:00:00.000Z,2.23593182,2021-07-07T00:00:00.000Z,0.6,2021-07-07T00:00:00.000Z,0.7
2021-07-08T00:00:00.000Z,0.896386086,2021-07-08T00:00:00.000Z,1.950909287,2021-07-08T00:00:00.000Z,0.6,2021-07-08T00:00:00.000Z,0.7
2021-07-09T00:00:00.000Z,0.921515356,2021-07-09T00:00:00.000Z,2.011666928,2021-07-09T00:00:00.000Z,0.6,2021-07-09T00:00:00.000Z,0.7
2021-07-10T00:00:00.000Z,0.903875119,2021-07-10T00:00:00.000Z,1.98005787,2021-07-10T00:00:00.000Z,0.6,2021-07-10T00:00:00.000Z,0.7
2021-07-11T00:00:00.000Z,0.89709043,2021-07-11T00:00:00.000Z,1.97368175,2021-07-11T00:00:00.000Z,0.6,2021-07-11T00:00:00.000Z,0.7
2021-07-12T00:00:00.000Z,0.787390188,2021-07-12T00:00:00.000Z,1.737122076,2021-07-12T00:00:00.000Z,0.6,2021-07-12T00:00:00.000Z,0.7
2021-07-13T00:00:00.000Z,0.732725376,2021-07-13T00:00:00.000Z,1.621739872,2021-07-13T00:00:00.000Z,0.6,2021-07-13T00:00:00.000Z,0.7
2021-07-14T00:00:00.000Z,0.710992999,2021-07-14T00:00:00.000Z,1.577589343,2021-07-14T00:00:00.000Z,0.6,2021-07-14T00:00:00.000Z,0.7
2021-07-15T00:00:00.000Z,0.696336565,2021-07-15T00:00:00.000Z,1.548098389,2021-07-15T00:00:00.000Z,0.6,2021-07-15T00:00:00.000Z,0.7
2021-07-16T00:00:00.000Z,0.665713408,2021-07-16T00:00:00.000Z,1.482617496,2021-07-16T00:00:00.000Z,0.6,2021-07-16T00:00:00.000Z,0.7
2021-07-17T00:00:00.000Z,0.653938969,2021-07-17T00:00:00.000Z,1.460070892,2021-07-17T00:00:00.000Z,0.6,2021-07-17T00:00:00.000Z,0.7
2021-07-18T00:00:00.000Z,0.668329116,2021-07-18T00:00:00.000Z,1.4964799,2021-07-18T00:00:00.000Z,0.6,2021-07-18T00:00:00.000Z,0.7
2021-07-19T00:00:00.000Z,0.620169657,2021-07-19T00:00:00.000Z,1.391434791,2021-07-19T00:00:00.000Z,0.6,2021-07-19T00:00:00.000Z,0.7
2021-07-20T00:00:00.000Z,0.627810349,2021-07-20T00:00:00.000Z,1.411581029,2021-07-20T00:00:00.000Z,0.6,2021-07-20T00:00:00.000Z,0.7
2021-07-21T00:00:00.000Z,0.780333061,2021-07-21T00:00:00.000Z,1.761852079,2021-07-21T00:00:00.000Z,0.6,2021-07-21T00:00:00.000Z,0.7
2021-07-22T00:00:00.000Z,0.816136109,2021-07-22T00:00:00.000Z,1.851673051,2021-07-22T00:00:00.000Z,0.6,2021-07-22T00:00:00.000Z,0.7
2021-07-23T00:00:00.000Z,0.822757596,2021-07-23T00:00:00.000Z,1.875740879,2021-07-23T00:00:00.000Z,0.6,2021-07-23T00:00:00.000Z,0.7
2021-07-24T00:00:00.000Z,0.803882074,2021-07-24T00:00:00.000Z,1.840438261,2021-07-24T00:00:00.000Z,0.6,2021-07-24T00:00:00.000Z,0.7
2021-07-25T00:00:00.000Z,0.793965836,2021-07-25T00:00:00.000Z,1.825158147,2021-07-25T00:00:00.000Z,0.6,2021-07-25T00:00:00.000Z,0.7
2021-07-26T00:00:00.000Z,0.823093131,2021-07-26T00:00:00.000Z,1.896835266,2021-07-26T00:00:00.000Z,0.6,2021-07-26T00:00:00.000Z,0.7
2021-07-27T00:00:00.000Z,0.815929936,2021-07-27T00:00:00.000Z,1.880413391,2021-07-27T00:00:00.000Z,0.6,2021-07-27T00:00:00.000Z,0.7
2021-07-28T00:00:00.000Z,0.831546268,2021-07-28T00:00:00.000Z,1.917054957,2021-07-28T00:00:00.000Z,0.6,2021-07-28T00:00:00.000Z,0.7
2021-07-29T00:00:00.000Z,0.881638296,2021-07-29T00:00:00.000Z,2.024588811,2021-07-29T00:00:00.000Z,0.6,2021-07-29T00:00:00.000Z,0.7
2021-07-30T00:00:00.000Z,1.156625315,2021-07-30T00:00:00.000Z,2.656095632,2021-07-30T00:00:00.000Z,0.6,2021-07-30T00:00:00.000Z,0.7
2021-07-31T00:00:00.000Z,1.529874924,2021-07-31T00:00:00.000Z,3.533688253,2021-07-31T00:00:00.000Z,0.6,2021-07-31T00:00:00.000Z,0.7
2021-08-01T00:00:00.000Z,1.731336176,2021-08-01T00:00:00.000Z,4.027231949,2021-08-01T00:00:00.000Z,0.6,2021-08-01T00:00:00.000Z,0.7
2021-08-02T00:00:00.000Z,1.581882045,2021-08-02T00:00:00.000Z,3.707357998,2021-08-02T00:00:00.000Z,0.6,2021-08-02T00:00:00.000Z,0.7
2021-08-03T00:00:00.000Z,1.531681616,2021-08-03T00:00:00.000Z,3.599946431,2021-08-03T00:00:00.000Z,0.6,2021-08-03T00:00:00.000Z,0.7
2021-08-04T00:00:00.000Z,1.965325847,2021-08-04T00:00:00.000Z,4.644799069,2021-08-04T00:00:00.000Z,0.6,2021-08-04T00:00:00.000Z,0.7
2021-08-05T00:00:00.000Z,2.15060171,2021-08-05T00:00:00.000Z,5.115477862,2021-08-05T00:00:00.000Z,0.6,2021-08-05T00:00:00.000Z,0.7
2021-08-06T00:00:00.000Z,2.069593952,2021-08-06T00:00:00.000Z,4.916500527,2021-08-06T00:00:00.000Z,0.6,2021-08-06T00:00:00.000Z,0.7
2021-08-07T00:00:00.000Z,2.117642949,2021-08-07T00:00:00.000Z,5.037712961,2021-08-07T00:00:00.000Z,0.6,2021-08-07T00:00:00.000Z,0.7
2021-08-08T00:00:00.000Z,1.854800519,2021-08-08T00:00:00.000Z,4.406972396,2021-08-08T00:00:00.000Z,0.6,2021-08-08T00:00:00.000Z,0.7
2021-08-09T00:00:00.000Z,2.113364633,2021-08-09T00:00:00.000Z,5.031259658,2021-08-09T00:00:00.000Z,0.6,2021-08-09T00:00:00.000Z,0.7
2021-08-10T00:00:00.000Z,2.045261658,2021-08-10T00:00:00.000Z,4.888563859,2021-08-10T00:00:00.000Z,0.6,2021-08-10T00:00:00.000Z,0.7
2021-08-11T00:00:00.000Z,2.079522097,2021-08-11T00:00:00.000Z,4.989871799,2021-08-11T00:00:00.000Z,0.6,2021-08-11T00:00:00.000Z,0.7
2021-08-12T00:00:00.000Z,1.867731272,2021-08-12T00:00:00.000Z,4.484136926,2021-08-12T00:00:00.000Z,0.6,2021-08-12T00:00:00.000Z,0.7
2021-08-13T00:00:00.000Z,2.059370991,2021-08-13T00:00:00.000Z,4.971764404,2021-08-13T00:00:00.000Z,0.6,2021-08-13T00:00:00.000Z,0.7
2021-08-14T00:00:00.000Z,2.05821331,2021-08-14T00:00:00.000Z,5.005580995,2021-08-14T00:00:00.000Z,0.6,2021-08-14T00:00:00.000Z,0.7
2021-08-15T00:00:00.000Z,1.972981921,2021-08-15T00:00:00.000Z,4.837001135,2021-08-15T00:00:00.000Z,0.6,2021-08-15T00:00:00.000Z,0.7
2021-08-16T00:00:00.000Z,1.773074182,2021-08-16T00:00:00.000Z,4.352671911,2021-08-16T00:00:00.000Z,0.6,2021-08-16T00:00:00.000Z,0.7
2021-08-17T00:00:00.000Z,1.534719006,2021-08-17T00:00:00.000Z,3.790326643,2021-08-17T00:00:00.000Z,0.6,2021-08-17T00:00:00.000Z,0.7
2021-08-18T00:00:00.000Z,2.128646237,2021-08-18T00:00:00.000Z,5.308129407,2021-08-18T00:00:00.000Z,0.6,2021-08-18T00:00:00.000Z,0.7
2021-08-19T00:00:00.000Z,2.46095085,2021-08-19T00:00:00.000Z,6.248149443,2021-08-19T00:00:00.000Z,0.6,2021-08-19T00:00:00.000Z,0.7
2021-08-20T00:00:00.000Z,2.505210389,2021-08-20T00:00:00.000Z,6.485925824,2021-08-20T00:00:00.000Z,0.6,2021-08-20T00:00:00.000Z,0.7
2021-08-21T00:00:00.000Z,2.336055331,2021-08-21T00:00:00.000Z,6.164277443,2021-08-21T00:00:00.000Z,0.6,2021-08-21T00:00:00.000Z,0.7
2021-08-22T00:00:00.000Z,2.059631814,2021-08-22T00:00:00.000Z,5.506762879,2021-08-22T00:00:00.000Z,0.6,2021-08-22T00:00:00.000Z,0.7
2021-08-23T00:00:00.000Z,2.174196685,2021-08-23T00:00:00.000Z,5.892066432,2021-08-23T00:00:00.000Z,0.6,2021-08-23T00:00:00.000Z,0.7
2021-08-24T00:00:00.000Z,2.046000925,2021-08-24T00:00:00.000Z,5.612282571,2021-08-24T00:00:00.000Z,0.6,2021-08-24T00:00:00.000Z,0.7
2021-08-25T00:00:00.000Z,2.182002247,2021-08-25T00:00:00.000Z,6.075793148,2021-08-25T00:00:00.000Z,0.6,2021-08-25T00:00:00.000Z,0.7
2021-08-26T00:00:00.000Z,2.116536102,2021-08-26T00:00:00.000Z,5.991187901,2021-08-26T00:00:00.000Z,0.6,2021-08-26T00:00:00.000Z,0.7
2021-08-27T00:00:00.000Z,2.136387543,2021-08-27T00:00:00.000Z,6.1529267,2021-08-27T00:00:00.000Z,0.6,2021-08-27T00:00:00.000Z,0.7
2021-08-28T00:00:00.000Z,2.076801925,2021-08-28T00:00:00.000Z,6.076715542,2021-08-28T00:00:00.000Z,0.6,2021-08-28T00:00:00.000Z,0.7
2021-08-29T00:00:00.000Z,2.006455819,2021-08-29T00:00:00.000Z,5.953638044,2021-08-29T00:00:00.000Z,0.6,2021-08-29T00:00:00.000Z,0.7
2021-08-30T00:00:00.000Z,1.707805404,2021-08-30T00:00:00.000Z,5.124779182,2021-08-30T00:00:00.000Z,0.6,2021-08-30T00:00:00.000Z,0.7
2021-08-31T00:00:00.000Z,1.745860265,2021-08-31T00:00:00.000Z,5.29785214,2021-08-31T00:00:00.000Z,0.6,2021-08-31T00:00:00.000Z,0.7
2021-09-01T00:00:00.000Z,1.765584,2021-09-01T00:00:00.000Z,5.415824784,2021-09-01T00:00:00.000Z,0.6,2021-09-01T00:00:00.000Z,0.7
2021-09-02T00:00:00.000Z,1.642199314,2021-09-02T00:00:00.000Z,5.090712135,2021-09-02T00:00:00.000Z,0.6,2021-09-02T00:00:00.000Z,0.7
2021-09-03T00:00:00.000Z,1.7227649,2021-09-03T00:00:00.000Z,5.402689556,2021-09-03T00:00:00.000Z,0.6,2021-09-03T00:00:00.000Z,0.7
2021-09-04T00:00:00.000Z,1.581870423,2021-09-04T00:00:00.000Z,5.011814236,2021-09-04T00:00:00.000Z,0.6,2021-09-04T00:00:00.000Z,0.7
2021-09-05T00:00:00.000Z,1.510124571,2021-09-05T00:00:00.000Z,4.826856749,2021-09-05T00:00:00.000Z,0.6,2021-09-05T00:00:00.000Z,0.7
2021-09-06T00:00:00.000Z,1.429090214,2021-09-06T00:00:00.000Z,4.601306845,2021-09-06T00:00:00.000Z,0.6,2021-09-06T00:00:00.000Z,0.7
2021-09-07T00:00:00.000Z,1.251861355,2021-09-07T00:00:00.000Z,4.04686357,2021-09-07T00:00:00.000Z,0.6,2021-09-07T00:00:00.000Z,0.7
2021-09-08T00:00:00.000Z,1.466363891,2021-09-08T00:00:00.000Z,4.774636023,2021-09-08T00:00:00.000Z,0.6,2021-09-08T00:00:00.000Z,0.7
2021-09-09T00:00:00.000Z,1.565758176,2021-09-09T00:00:00.000Z,5.147662401,2021-09-09T00:00:00.000Z,0.6,2021-09-09T00:00:00.000Z,0.7
2021-09-10T00:00:00.000Z,1.703985398,2021-09-10T00:00:00.000Z,5.667230233,2021-09-10T00:00:00.000Z,0.6,2021-09-10T00:00:00.000Z,0.7
2021-09-11T00:00:00.000Z,1.729433274,2021-09-11T00:00:00.000Z,5.818432774,2021-09-11T00:00:00.000Z,0.6,2021-09-11T00:00:00.000Z,0.7
2021-09-12T00:00:00.000Z,1.649732498,2021-09-12T00:00:00.000Z,5.606200606,2021-09-12T00:00:00.000Z,0.6,2021-09-12T00:00:00.000Z,0.7
2021-09-13T00:00:00.000Z,1.55839578,2021-09-13T00:00:00.000Z,5.349249836,2021-09-13T00:00:00.000Z,0.6,2021-09-13T00:00:00.000Z,0.7
2021-09-14T00:00:00.000Z,1.61424861,2021-09-14T00:00:00.000Z,5.60639152,2021-09-14T00:00:00.000Z,0.6,2021-09-14T00:00:00.000Z,0.7
2021-09-15T00:00:00.000Z,1.50250471,2021-09-15T00:00:00.000Z,5.271624321,2021-09-15T00:00:00.000Z,0.6,2021-09-15T00:00:00.000Z,0.7
2021-09-16T00:00:00.000Z,1.63582616,2021-09-16T00:00:00.000Z,5.810174872,2021-09-16T00:00:00.000Z,0.6,2021-09-16T00:00:00.000Z,0.7
2021-09-17T00:00:00.000Z,1.515391483,2021-09-17T00:00:00.000Z,5.442092374,2021-09-17T00:00:00.000Z,0.6,2021-09-17T00:00:00.000Z,0.7
2021-09-18T00:00:00.000Z,1.57069074,2021-09-18T00:00:00.000Z,5.706648429,2021-09-18T00:00:00.000Z,0.6,2021-09-18T00:00:00.000Z,0.7
2021-09-19T00:00:00.000Z,1.5463116,2021-09-19T00:00:00.000Z,5.690945338,2021-09-19T00:00:00.000Z,0.6,2021-09-19T00:00:00.000Z,0.7
2021-09-20T00:00:00.000Z,1.370685638,2021-09-20T00:00:00.000Z,5.100315721,2021-09-20T00:00:00.000Z,0.6,2021-09-20T00:00:00.000Z,0.7
2021-09-21T00:00:00.000Z,1.237725206,2021-09-21T00:00:00.000Z,4.646713007,2021-09-21T00:00:00.000Z,0.6,2021-09-21T00:00:00.000Z,0.7
2021-09-22T00:00:00.000Z,1.417125,2021-09-22T00:00:00.000Z,5.377893098,2021-09-22T00:00:00.000Z,0.6,2021-09-22T00:00:00.000Z,0.7
2021-09-23T00:00:00.000Z,1.327045571,2021-09-23T00:00:00.000Z,5.089396103,2021-09-23T00:00:00.000Z,0.6,2021-09-23T00:00:00.000Z,0.7
2021-09-24T00:00:00.000Z,1.185287929,2021-09-24T00:00:00.000Z,4.586871308,2021-09-24T00:00:00.000Z,0.6,2021-09-24T00:00:00.000Z,0.7
2021-09-25T00:00:00.000Z,1.242920041,2021-09-25T00:00:00.000Z,4.854515319,2021-09-25T00:00:00.000Z,0.6,2021-09-25T00:00:00.000Z,0.7
2021-09-26T00:00:00.000Z,1.333948872,2021-09-26T00:00:00.000Z,5.26307886,2021-09-26T00:00:00.000Z,0.6,2021-09-26T00:00:00.000Z,0.7
2021-09-27T00:00:00.000Z,1.167527373,2021-09-27T00:00:00.000Z,4.644282541,2021-09-27T00:00:00.000Z,0.6,2021-09-27T00:00:00.000Z,0.7
2021-09-28T00:00:00.000Z,1.152411314,2021-09-28T00:00:00.000Z,4.621307963,2021-09-28T00:00:00.000Z,0.6,2021-09-28T00:00:00.000Z,0.7
2021-09-29T00:00:00.000Z,1.136526434,2021-09-29T00:00:00.000Z,4.595048801,2021-09-29T00:00:00.000Z,0.6,2021-09-29T00:00:00.000Z,0.7
2021-09-30T00:00:00.000Z,1.205746436,2021-09-30T00:00:00.000Z,4.920488435,2021-09-30T00:00:00.000Z,0.6,2021-09-30T00:00:00.000Z,0.7
2021-10-01T00:00:00.000Z,1.301728866,2021-10-01T00:00:00.000Z,5.367245967,2021-10-01T00:00:00.000Z,0.6,2021-10-01T00:00:00.000Z,0.7
2021-10-02T00:00:00.000Z,1.236840273,2021-10-02T00:00:00.000Z,5.148076919,2021-10-02T00:00:00.000Z,0.6,2021-10-02T00:00:00.000Z,0.7
2021-10-03T00:00:00.000Z,1.140739586,2021-10-03T00:00:00.000Z,4.789330066,2021-10-03T00:00:00.000Z,0.6,2021-10-03T00:00:00.000Z,0.7
2021-10-04T00:00:00.000Z,1.020781037,2021-10-04T00:00:00.000Z,4.312741419,2021-10-04T00:00:00.000Z,0.6,2021-10-04T00:00:00.000Z,0.7
2021-10-05T00:00:00.000Z,1.038294889,2021-10-05T00:00:00.000Z,4.411839035,2021-10-05T00:00:00.000Z,0.6,2021-10-05T00:00:00.000Z,0.7
2021-10-06T00:00:00.000Z,0.986160954,2021-10-06T00:00:00.000Z,4.215125511,2021-10-06T00:00:00.000Z,0.6,2021-10-06T00:00:00.000Z,0.7
2021-10-07T00:00:00.000Z,0.980828311,2021-10-07T00:00:00.000Z,4.216359257,2021-10-07T00:00:00.000Z,0.6,2021-10-07T00:00:00.000Z,0.7
2021-10-08T00:00:00.000Z,0.913218711,2021-10-08T00:00:00.000Z,3.94566564,2021-10-08T00:00:00.000Z,0.6,2021-10-08T00:00:00.000Z,0.7
2021-10-09T00:00:00.000Z,0.910592462,2021-10-09T00:00:00.000Z,3.954358514,2021-10-09T00:00:00.000Z,0.6,2021-10-09T00:00:00.000Z,0.7
2021-10-10T00:00:00.000Z,0.884996205,2021-10-10T00:00:00.000Z,3.864119034,2021-10-10T00:00:00.000Z,0.6,2021-10-10T00:00:00.000Z,0.7
2021-10-11T00:00:00.000Z,0.871770442,2021-10-11T00:00:00.000Z,3.827740047,2021-10-11T00:00:00.000Z,0.6,2021-10-11T00:00:00.000Z,0.7
2021-10-12T00:00:00.000Z,0.798804199,2021-10-12T00:00:00.000Z,3.524643622,2021-10-12T00:00:00.000Z,0.6,2021-10-12T00:00:00.000Z,0.7
2021-10-13T00:00:00.000Z,0.846811944,2021-10-13T00:00:00.000Z,3.757259035,2021-10-13T00:00:00.000Z,0.6,2021-10-13T00:00:00.000Z,0.7
2021-10-14T00:00:00.000Z,0.941542427,2021-10-14T00:00:00.000Z,4.20606466,2021-10-14T00:00:00.000Z,0.6,2021-10-14T00:00:00.000Z,0.7
2021-10-15T00:00:00.000Z,0.898052288,2021-10-15T00:00:00.000Z,4.037503769,2021-10-15T00:00:00.000Z,0.6,2021-10-15T00:00:00.000Z,0.7
2021-10-16T00:00:00.000Z,0.876280237,2021-10-16T00:00:00.000Z,3.963641391,2021-10-16T00:00:00.000Z,0.6,2021-10-16T00:00:00.000Z,0.7
2021-10-17T00:00:00.000Z,0.784133634,2021-10-17T00:00:00.000Z,3.56578277,2021-10-17T00:00:00.000Z,0.6,2021-10-17T00:00:00.000Z,0.7
2021-10-18T00:00:00.000Z,0.752399875,2021-10-18T00:00:00.000Z,3.438420503,2021-10-18T00:00:00.000Z,0.6,2021-10-18T00:00:00.000Z,0.7
2021-10-19T00:00:00.000Z,0.753148953,2021-10-19T00:00:00.000Z,3.456021093,2021-10-19T00:00:00.000Z,0.6,2021-10-19T00:00:00.000Z,0.7
2021-10-20T00:00:00.000Z,0.830005665,2021-10-20T00:00:00.000Z,3.826914471,2021-10-20T00:00:00.000Z,0.6,2021-10-20T00:00:00.000Z,0.7
2021-10-21T00:00:00.000Z,0.758038231,2021-10-21T00:00:00.000Z,3.508848677,2021-10-21T00:00:00.000Z,0.6,2021-10-21T00:00:00.000Z,0.7
2021-10-22T00:00:00.000Z,0.7519081,2021-10-22T00:00:00.000Z,3.494290357,2021-10-22T00:00:00.000Z,0.6,2021-10-22T00:00:00.000Z,0.7
2021-10-23T00:00:00.000Z,0.781524921,2021-10-23T00:00:00.000Z,3.647753262,2021-10-23T00:00:00.000Z,0.6,2021-10-23T00:00:00.000Z,0.7
2021-10-24T00:00:00.000Z,0.745389735,2021-10-24T00:00:00.000Z,3.49230681,2021-10-24T00:00:00.000Z,0.6,2021-10-24T00:00:00.000Z,0.7
2021-10-25T00:00:00.000Z,0.701713614,2021-10-25T00:00:00.000Z,3.298733428,2021-10-25T00:00:00.000Z,0.6,2021-10-25T00:00:00.000Z,0.7
2021-10-26T00:00:00.000Z,0.750775038,2021-10-26T00:00:00.000Z,3.542932612,2021-10-26T00:00:00.000Z,0.6,2021-10-26T00:00:00.000Z,0.7
2021-10-27T00:00:00.000Z,0.655766334,2021-10-27T00:00:00.000Z,3.102436863,2021-10-27T00:00:00.000Z,0.6,2021-10-27T00:00:00.000Z,0.7
2021-10-28T00:00:00.000Z,0.752485653,2021-10-28T00:00:00.000Z,3.567638259,2021-10-28T00:00:00.000Z,0.6,2021-10-28T00:00:00.000Z,0.7
2021-10-29T00:00:00.000Z,0.751810815,2021-10-29T00:00:00.000Z,3.564697798,2021-10-29T00:00:00.000Z,0.6,2021-10-29T00:00:00.000Z,0.7
2021-10-30T00:00:00.000Z,0.726887834,2021-10-30T00:00:00.000Z,3.441797637,2021-10-30T00:00:00.000Z,0.6,2021-10-30T00:00:00.000Z,0.7
2021-10-31T00:00:00.000Z,0.682203609,2021-10-31T00:00:00.000Z,3.226574476,2021-10-31T00:00:00.000Z,0.6,2021-10-31T00:00:00.000Z,0.7
2021-11-01T00:00:00.000Z,0.678452141,2021-11-01T00:00:00.000Z,3.20586064,2021-11-01T00:00:00.000Z,0.6,2021-11-01T00:00:00.000Z,0.7
2021-11-02T00:00:00.000Z,0.645008898,2021-11-02T00:00:00.000Z,3.036305028,2021-11-02T00:00:00.000Z,0.6,2021-11-02T00:00:00.000Z,0.7
2021-11-03T00:00:00.000Z,0.594756544,2021-11-03T00:00:00.000Z,2.784342777,2021-11-03T00:00:00.000Z,0.6,2021-11-03T00:00:00.000Z,0.7
2021-11-04T00:00:00.000Z,0.58853293,2021-11-04T00:00:00.000Z,2.740980754,2021-11-04T00:00:00.000Z,0.6,2021-11-04T00:00:00.000Z,0.7
2021-11-05T00:00:00.000Z,0.674411886,2021-11-05T00:00:00.000Z,3.126625071,2021-11-05T00:00:00.000Z,0.6,2021-11-05T00:00:00.000Z,0.7
2021-11-06T00:00:00.000Z,0.847029625,2021-11-06T00:00:00.000Z,3.922332948,2021-11-06T00:00:00.000Z,0.6,2021-11-06T00:00:00.000Z,0.7
2021-11-07T00:00:00.000Z,0.878226506,2021-11-07T00:00:00.000Z,4.057292037,2021-11-07T00:00:00.000Z,0.6,2021-11-07T00:00:00.000Z,0.7
2021-11-08T00:00:00.000Z,0.900353894,2021-11-08T00:00:00.000Z,4.15215066,2021-11-08T00:00:00.000Z,0.6,2021-11-08T00:00:00.000Z,0.7
2021-11-09T00:00:00.000Z,0.891334088,2021-11-09T00:00:00.000Z,4.101758518,2021-11-09T00:00:00.000Z,0.6,2021-11-09T00:00:00.000Z,0.7
2021-11-10T00:00:00.000Z,0.932215538,2021-11-10T00:00:00.000Z,4.28785448,2021-11-10T00:00:00.000Z,0.6,2021-11-10T00:00:00.000Z,0.7
2021-11-11T00:00:00.000Z,0.923239911,2021-11-11T00:00:00.000Z,4.239053534,2021-11-11T00:00:00.000Z,0.6,2021-11-11T00:00:00.000Z,0.7
2021-11-12T00:00:00.000Z,0.955035871,2021-11-12T00:00:00.000Z,4.378389143,2021-11-12T00:00:00.000Z,0.6,2021-11-12T00:00:00.000Z,0.7
2021-11-13T00:00:00.000Z,1.202771444,2021-11-13T00:00:00.000Z,5.523311874,2021-11-13T00:00:00.000Z,0.6,2021-11-13T00:00:00.000Z,0.7
2021-11-14T00:00:00.000Z,1.141408669,2021-11-14T00:00:00.000Z,5.252942069,2021-11-14T00:00:00.000Z,0.6,2021-11-14T00:00:00.000Z,0.7
2021-11-15T00:00:00.000Z,0.923946652,2021-11-15T00:00:00.000Z,4.256937958,2021-11-15T00:00:00.000Z,0.6,2021-11-15T00:00:00.000Z,0.7
2021-11-16T00:00:00.000Z,0.832430098,2021-11-16T00:00:00.000Z,3.821540122,2021-11-16T00:00:00.000Z,0.6,2021-11-16T00:00:00.000Z,0.7
2021-11-17T00:00:00.000Z,0.829177651,2021-11-17T00:00:00.000Z,3.78390542,2021-11-17T00:00:00.000Z,0.6,2021-11-17T00:00:00.000Z,0.7
2021-11-18T00:00:00.000Z,0.839808688,2021-11-18T00:00:00.000Z,3.807425919,2021-11-18T00:00:00.000Z,0.6,2021-11-18T00:00:00.000Z,0.7
2021-11-19T00:00:00.000Z,1.091371152,2021-11-19T00:00:00.000Z,4.932999345,2021-11-19T00:00:00.000Z,0.6,2021-11-19T00:00:00.000Z,0.7
2021-11-20T00:00:00.000Z,1.056637691,2021-11-20T00:00:00.000Z,4.767322709,2021-11-20T00:00:00.000Z,0.6,2021-11-20T00:00:00.000Z,0.7
2021-11-21T00:00:00.000Z,0.961764775,2021-11-21T00:00:00.000Z,4.322503676,2021-11-21T00:00:00.000Z,0.6,2021-11-21T00:00:00.000Z,0.7
2021-11-22T00:00:00.000Z,0.839428179,2021-11-22T00:00:00.000Z,3.755361215,2021-11-22T00:00:00.000Z,0.6,2021-11-22T00:00:00.000Z,0.7
2021-11-23T00:00:00.000Z,0.821482592,2021-11-23T00:00:00.000Z,3.652963214,2021-11-23T00:00:00.000Z,0.6,2021-11-23T00:00:00.000Z,0.7
2021-11-24T00:00:00.000Z,0.837296212,2021-11-24T00:00:00.000Z,3.701986003,2021-11-24T00:00:00.000Z,0.6,2021-11-24T00:00:00.000Z,0.7
2021-11-25T00:00:00.000Z,0.88474786,2021-11-25T00:00:00.000Z,3.889536376,2021-11-25T00:00:00.000Z,0.6,2021-11-25T00:00:00.000Z,0.7
2021-11-26T00:00:00.000Z,0.826874587,2021-11-26T00:00:00.000Z,3.612473167,2021-11-26T00:00:00.000Z,0.6,2021-11-26T00:00:00.000Z,0.7
2021-11-27T00:00:00.000Z,0.788884484,2021-11-27T00:00:00.000Z,3.424330578,2021-11-27T00:00:00.000Z,0.6,2021-11-27T00:00:00.000Z,0.7
2021-11-28T00:00:00.000Z,0.891084477,2021-11-28T00:00:00.000Z,3.855384439,2021-11-28T00:00:00.000Z,0.6,2021-11-28T00:00:00.000Z,0.7
2021-11-29T00:00:00.000Z,0.980155978,2021-11-29T00:00:00.000Z,4.229123914,2021-11-29T00:00:00.000Z,0.6,2021-11-29T00:00:00.000Z,0.7
2021-11-30T00:00:00.000Z,0.983830562,2021-11-30T00:00:00.000Z,4.232038306,2021-11-30T00:00:00.000Z,0.6,2021-11-30T00:00:00.000Z,0.7
2021-12-01T00:00:00.000Z,0.885158658,2021-12-01T00:00:00.000Z,3.794847011,2021-12-01T00:00:00.000Z,0.6,2021-12-01T00:00:00.000Z,0.7
2021-12-02T00:00:00.000Z,0.807427388,2021-12-02T00:00:00.000Z,3.444025981,2021-12-02T00:00:00.000Z,0.6,2021-12-02T00:00:00.000Z,0.7
2021-12-03T00:00:00.000Z,0.75464053,2021-12-03T00:00:00.000Z,3.203706479,2021-12-03T00:00:00.000Z,0.6,2021-12-03T00:00:00.000Z,0.7
2021-12-04T00:00:00.000Z,0.726769891,2021-12-04T00:00:00.000Z,3.071208862,2021-12-04T00:00:00.000Z,0.6,2021-12-04T00:00:00.000Z,0.7
2021-12-05T00:00:00.000Z,0.941683009,2021-12-05T00:00:00.000Z,3.972820059,2021-12-05T00:00:00.000Z,0.6,2021-12-05T00:00:00.000Z,0.7
2021-12-06T00:00:00.000Z,0.881251827,2021-12-06T00:00:00.000Z,3.714616663,2021-12-06T00:00:00.000Z,0.6,2021-12-06T00:00:00.000Z,0.7
2021-12-07T00:00:00.000Z,0.845078246,2021-12-07T00:00:00.000Z,3.550646298,2021-12-07T00:00:00.000Z,0.6,2021-12-07T00:00:00.000Z,0.7
2021-12-08T00:00:00.000Z,0.878250566,2021-12-08T00:00:00.000Z,3.675657439,2021-12-08T00:00:00.000Z,0.6,2021-12-08T00:00:00.000Z,0.7
2021-12-09T00:00:00.000Z,0.776239893,2021-12-09T00:00:00.000Z,3.227681168,2021-12-09T00:00:00.000Z,0.6,2021-12-09T00:00:00.000Z,0.7
2021-12-10T00:00:00.000Z,0.775956148,2021-12-10T00:00:00.000Z,3.203960037,2021-12-10T00:00:00.000Z,0.6,2021-12-10T00:00:00.000Z,0.7
2021-12-11T00:00:00.000Z,0.724834017,2021-12-11T00:00:00.000Z,2.971656454,2021-12-11T00:00:00.000Z,0.6,2021-12-11T00:00:00.000Z,0.7
2021-12-12T00:00:00.000Z,0.749313695,2021-12-12T00:00:00.000Z,3.052898882,2021-12-12T00:00:00.000Z,0.6,2021-12-12T00:00:00.000Z,0.7
2021-12-13T00:00:00.000Z,0.62191695,2021-12-13T00:00:00.000Z,2.51247184,2021-12-13T00:00:00.000Z,0.6,2021-12-13T00:00:00.000Z,0.7
2021-12-14T00:00:00.000Z,0.718992256,2021-12-14T00:00:00.000Z,2.885583126,2021-12-14T00:00:00.000Z,0.6,2021-12-14T00:00:00.000Z,0.7
2021-12-15T00:00:00.000Z,0.754725332,2021-12-15T00:00:00.000Z,3.005473473,2021-12-15T00:00:00.000Z,0.6,2021-12-15T00:00:00.000Z,0.7
2021-12-16T00:00:00.000Z,0.866904512,2021-12-16T00:00:00.000Z,3.432840673,2021-12-16T00:00:00.000Z,0.6,2021-12-16T00:00:00.000Z,0.7
2021-12-17T00:00:00.000Z,0.805463008,2021-12-17T00:00:00.000Z,3.166808968,2021-12-17T00:00:00.000Z,0.6,2021-12-17T00:00:00.000Z,0.7
2021-12-18T00:00:00.000Z,0.777699891,2021-12-18T00:00:00.000Z,3.034700853,2021-12-18T00:00:00.000Z,0.6,2021-12-18T00:00:00.000Z,0.7
2021-12-19T00:00:00.000Z,0.736974579,2021-12-19T00:00:00.000Z,2.857418415,2021-12-19T00:00:00.000Z,0.6,2021-12-19T00:00:00.000Z,0.7
2021-12-20T00:00:00.000Z,0.730183542,2021-12-20T00:00:00.000Z,2.81623709,2021-12-20T00:00:00.000Z,0.6,2021-12-20T00:00:00.000Z,0.7
2021-12-21T00:00:00.000Z,0.766141306,2021-12-21T00:00:00.000Z,2.934119135,2021-12-21T00:00:00.000Z,0.6,2021-12-21T00:00:00.000Z,0.7
2021-12-22T00:00:00.000Z,0.79044287,2021-12-22T00:00:00.000Z,3.008915483,2021-12-22T00:00:00.000Z,0.6,2021-12-22T00:00:00.000Z,0.7
2021-12-23T00:00:00.000Z,0.800076455,2021-12-23T00:00:00.000Z,3.031762369,2021-12-23T00:00:00.000Z,0.6,2021-12-23T00:00:00.000Z,0.7
2021-12-24T00:00:00.000Z,0.755367733,2021-12-24T00:00:00.000Z,2.845484034,2021-12-24T00:00:00.000Z,0.6,2021-12-24T00:00:00.000Z,0.7
2021-12-25T00:00:00.000Z,0.764230925,2021-12-25T00:00:00.000Z,2.858453067,2021-12-25T00:00:00.000Z,0.6,2021-12-25T00:00:00.000Z,0.7
2021-12-26T00:00:00.000Z,0.725515839,2021-12-26T00:00:00.000Z,2.697957138,2021-12-26T00:00:00.000Z,0.6,2021-12-26T00:00:00.000Z,0.7
2021-12-27T00:00:00.000Z,0.778142113,2021-12-27T00:00:00.000Z,2.878589529,2021-12-27T00:00:00.000Z,0.6,2021-12-27T00:00:00.000Z,0.7
2021-12-28T00:00:00.000Z,0.807222828,2021-12-28T00:00:00.000Z,2.971607253,2021-12-28T00:00:00.000Z,0.6,2021-12-28T00:00:00.000Z,0.7
2021-12-29T00:00:00.000Z,0.72536709,2021-12-29T00:00:00.000Z,2.651990709,2021-12-29T00:00:00.000Z,0.6,2021-12-29T00:00:00.000Z,0.7
2021-12-30T00:00:00.000Z,0.822134428,2021-12-30T00:00:00.000Z,2.984008118,2021-12-30T00:00:00.000Z,0.6,2021-12-30T00:00:00.000Z,0.7
2021-12-31T00:00:00.000Z,0.859727859,2021-12-31T00:00:00.000Z,3.100901016,2021-12-31T00:00:00.000Z,0.6,2021-12-31T00:00:00.000Z,0.7
2022-01-01T00:00:00.000Z,1.030383946,2022-01-01T00:00:00.000Z,3.70400468,2022-01-01T00:00:00.000Z,0.6,2022-01-01T00:00:00.000Z,0.7
2022-01-02T00:00:00.000Z,1.022223252,2022-01-02T00:00:00.000Z,3.667338259,2022-01-02T00:00:00.000Z,0.6,2022-01-02T00:00:00.000Z,0.7
2022-01-03T00:00:00.000Z,0.932776911,2022-01-03T00:00:00.000Z,3.335282041,2022-01-03T00:00:00.000Z,0.6,2022-01-03T00:00:00.000Z,0.7
2022-01-04T00:00:00.000Z,0.926482343,2022-01-04T00:00:00.000Z,3.303389241,2022-01-04T00:00:00.000Z,0.6,2022-01-04T00:00:00.000Z,0.7
2022-01-05T00:00:00.000Z,0.920217123,2022-01-05T00:00:00.000Z,3.271388509,2022-01-05T00:00:00.000Z,0.6,2022-01-05T00:00:00.000Z,0.7
2022-01-06T00:00:00.000Z,0.817038161,2022-01-06T00:00:00.000Z,2.895047712,2022-01-06T00:00:00.000Z,0.6,2022-01-06T00:00:00.000Z,0.7
2022-01-07T00:00:00.000Z,0.767003526,2022-01-07T00:00:00.000Z,2.707128539,2022-01-07T00:00:00.000Z,0.6,2022-01-07T00:00:00.000Z,0.7
2022-01-08T00:00:00.000Z,0.757169648,2022-01-08T00:00:00.000Z,2.662309179,2022-01-08T00:00:00.000Z,0.6,2022-01-08T00:00:00.000Z,0.7
2022-01-09T00:00:00.000Z,0.845247835,2022-01-09T00:00:00.000Z,2.963890836,2022-01-09T00:00:00.000Z,0.6,2022-01-09T00:00:00.000Z,0.7
2022-01-10T00:00:00.000Z,0.775353008,2022-01-10T00:00:00.000Z,2.711799523,2022-01-10T00:00:00.000Z,0.6,2022-01-10T00:00:00.000Z,0.7
2022-01-11T00:00:00.000Z,0.842189431,2022-01-11T00:00:00.000Z,2.937892767,2022-01-11T00:00:00.000Z,0.6,2022-01-11T00:00:00.000Z,0.7
2022-01-12T00:00:00.000Z,0.849569566,2022-01-12T00:00:00.000Z,2.951797764,2022-01-12T00:00:00.000Z,0.6,2022-01-12T00:00:00.000Z,0.7
2022-01-13T00:00:00.000Z,0.765872038,2022-01-13T00:00:00.000Z,2.649179619,2022-01-13T00:00:00.000Z,0.6,2022-01-13T00:00:00.000Z,0.7
2022-01-14T00:00:00.000Z,0.758907396,2022-01-14T00:00:00.000Z,2.613705598,2022-01-14T00:00:00.000Z,0.6,2022-01-14T00:00:00.000Z,0.7
2022-01-15T00:00:00.000Z,0.731776245,2022-01-15T00:00:00.000Z,2.511694258,2022-01-15T00:00:00.000Z,0.6,2022-01-15T00:00:00.000Z,0.7
2022-01-16T00:00:00.000Z,0.732698055,2022-01-16T00:00:00.000Z,2.507277695,2022-01-16T00:00:00.000Z,0.6,2022-01-16T00:00:00.000Z,0.7
2022-01-17T00:00:00.000Z,0.636953633,2022-01-17T00:00:00.000Z,2.170544596,2022-01-17T00:00:00.000Z,0.6,2022-01-17T00:00:00.000Z,0.7
2022-01-18T00:00:00.000Z,0.67179855,2022-01-18T00:00:00.000Z,2.277721656,2022-01-18T00:00:00.000Z,0.6,2022-01-18T00:00:00.000Z,0.7
2022-01-19T00:00:00.000Z,0.653643418,2022-01-19T00:00:00.000Z,2.206709936,2022-01-19T00:00:00.000Z,0.6,2022-01-19T00:00:00.000Z,0.7
2022-01-20T00:00:00.000Z,0.637811902,2022-01-20T00:00:00.000Z,2.143691075,2022-01-20T00:00:00.000Z,0.6,2022-01-20T00:00:00.000Z,0.7
2022-01-21T00:00:00.000Z,0.580273042,2022-01-21T00:00:00.000Z,1.939287193,2022-01-21T00:00:00.000Z,0.6,2022-01-21T00:00:00.000Z,0.7
2022-01-22T00:00:00.000Z,0.514080493,2022-01-22T00:00:00.000Z,1.707877349,2022-01-22T00:00:00.000Z,0.6,2022-01-22T00:00:00.000Z,0.7
2022-01-23T00:00:00.000Z,0.501581492,2022-01-23T00:00:00.000Z,1.65720474,2022-01-23T00:00:00.000Z,0.6,2022-01-23T00:00:00.000Z,0.7
2022-01-24T00:00:00.000Z,0.509798406,2022-01-24T00:00:00.000Z,1.673765326,2022-01-24T00:00:00.000Z,0.6,2022-01-24T00:00:00.000Z,0.7
2022-01-25T00:00:00.000Z,0.51319336,2022-01-25T00:00:00.000Z,1.676782313,2022-01-25T00:00:00.000Z,0.6,2022-01-25T00:00:00.000Z,0.7
2022-01-26T00:00:00.000Z,0.513431482,2022-01-26T00:00:00.000Z,1.666715972,2022-01-26T00:00:00.000Z,0.6,2022-01-26T00:00:00.000Z,0.7
2022-01-27T00:00:00.000Z,0.551171764,2022-01-27T00:00:00.000Z,1.778289355,2022-01-27T00:00:00.000Z,0.6,2022-01-27T00:00:00.000Z,0.7
2022-01-28T00:00:00.000Z,0.519098115,2022-01-28T00:00:00.000Z,1.664556895,2022-01-28T00:00:00.000Z,0.6,2022-01-28T00:00:00.000Z,0.7
2022-01-29T00:00:00.000Z,0.521952337,2022-01-29T00:00:00.000Z,1.664651007,2022-01-29T00:00:00.000Z,0.6,2022-01-29T00:00:00.000Z,0.7
2022-01-30T00:00:00.000Z,0.567171289,2022-01-30T00:00:00.000Z,1.800007255,2022-01-30T00:00:00.000Z,0.6,2022-01-30T00:00:00.000Z,0.7
2022-01-31T00:00:00.000Z,0.623322479,2022-01-31T00:00:00.000Z,1.97083263,2022-01-31T00:00:00.000Z,0.6,2022-01-31T00:00:00.000Z,0.7
2022-02-01T00:00:00.000Z,0.665626946,2022-02-01T00:00:00.000Z,2.099526885,2022-02-01T00:00:00.000Z,0.6,2022-02-01T00:00:00.000Z,0.7
2022-02-02T00:00:00.000Z,0.650138763,2022-02-02T00:00:00.000Z,2.045651011,2022-02-02T00:00:00.000Z,0.6,2022-02-02T00:00:00.000Z,0.7
2022-02-03T00:00:00.000Z,0.617342446,2022-02-03T00:00:00.000Z,1.934279204,2022-02-03T00:00:00.000Z,0.6,2022-02-03T00:00:00.000Z,0.7
2022-02-04T00:00:00.000Z,0.652512143,2022-02-04T00:00:00.000Z,2.030759987,2022-02-04T00:00:00.000Z,0.6,2022-02-04T00:00:00.000Z,0.7
2022-02-05T00:00:00.000Z,0.658925773,2022-02-05T00:00:00.000Z,2.035921342,2022-02-05T00:00:00.000Z,0.6,2022-02-05T00:00:00.000Z,0.7
2022-02-06T00:00:00.000Z,0.669905846,2022-02-06T00:00:00.000Z,2.054231464,2022-02-06T00:00:00.000Z,0.6,2022-02-06T00:00:00.000Z,0.7
2022-02-07T00:00:00.000Z,0.722129753,2022-02-07T00:00:00.000Z,2.199107125,2022-02-07T00:00:00.000Z,0.6,2022-02-07T00:00:00.000Z,0.7
2022-02-08T00:00:00.000Z,0.692794814,2022-02-08T00:00:00.000Z,2.092876894,2022-02-08T00:00:00.000Z,0.6,2022-02-08T00:00:00.000Z,0.7
2022-02-09T00:00:00.000Z,0.665739023,2022-02-09T00:00:00.000Z,1.994540659,2022-02-09T00:00:00.000Z,0.6,2022-02-09T00:00:00.000Z,0.7
2022-02-10T00:00:00.000Z,0.584782792,2022-02-10T00:00:00.000Z,1.734820612,2022-02-10T00:00:00.000Z,0.6,2022-02-10T00:00:00.000Z,0.7
2022-02-11T00:00:00.000Z,0.573759682,2022-02-11T00:00:00.000Z,1.677602566,2022-02-11T00:00:00.000Z,0.6,2022-02-11T00:00:00.000Z,0.7
2022-02-12T00:00:00.000Z,0.571256039,2022-02-12T00:00:00.000Z,1.647396785,2022-02-12T00:00:00.000Z,0.6,2022-02-12T00:00:00.000Z,0.7
2022-02-13T00:00:00.000Z,0.523554504,2022-02-13T00:00:00.000Z,1.493760221,2022-02-13T00:00:00.000Z,0.6,2022-02-13T00:00:00.000Z,0.7
2022-02-14T00:00:00.000Z,0.540115227,2022-02-14T00:00:00.000Z,1.527241106,2022-02-14T00:00:00.000Z,0.6,2022-02-14T00:00:00.000Z,0.7
2022-02-15T00:00:00.000Z,0.635560521,2022-02-15T00:00:00.000Z,1.782994213,2022-02-15T00:00:00.000Z,0.6,2022-02-15T00:00:00.000Z,0.7
2022-02-16T00:00:00.000Z,0.662343328,2022-02-16T00:00:00.000Z,1.843678449,2022-02-16T00:00:00.000Z,0.6,2022-02-16T00:00:00.000Z,0.7
2022-02-17T00:00:00.000Z,0.614174577,2022-02-17T00:00:00.000Z,1.687449239,2022-02-17T00:00:00.000Z,0.6,2022-02-17T00:00:00.000Z,0.7
2022-02-18T00:00:00.000Z,0.572390744,2022-02-18T00:00:00.000Z,1.552199997,2022-02-18T00:00:00.000Z,0.6,2022-02-18T00:00:00.000Z,0.7
2022-02-19T00:00:00.000Z,0.558003602,2022-02-19T00:00:00.000Z,1.495658625,2022-02-19T00:00:00.000Z,0.6,2022-02-19T00:00:00.000Z,0.7
2022-02-20T00:00:00.000Z,0.513580695,2022-02-20T00:00:00.000Z,1.362936339,2022-02-20T00:00:00.000Z,0.6,2022-02-20T00:00:00.000Z,0.7
2022-02-21T00:00:00.000Z,0.516554994,2022-02-21T00:00:00.000Z,1.357655592,2022-02-21T00:00:00.000Z,0.6,2022-02-21T00:00:00.000Z,0.7
2022-02-22T00:00:00.000Z,0.650347589,2022-02-22T00:00:00.000Z,1.694797026,2022-02-22T00:00:00.000Z,0.6,2022-02-22T00:00:00.000Z,0.7
2022-02-23T00:00:00.000Z,0.598518249,2022-02-23T00:00:00.000Z,1.544133058,2022-02-23T00:00:00.000Z,0.6,2022-02-23T00:00:00.000Z,0.7
2022-02-24T00:00:00.000Z,0.578037675,2022-02-24T00:00:00.000Z,1.47758305,2022-02-24T00:00:00.000Z,0.6,2022-02-24T00:00:00.000Z,0.7
2022-02-25T00:00:00.000Z,0.646645332,2022-02-25T00:00:00.000Z,1.640138994,2022-02-25T00:00:00.000Z,0.6,2022-02-25T00:00:00.000Z,0.7
2022-02-26T00:00:00.000Z,0.63892627,2022-02-26T00:00:00.000Z,1.604581655,2022-02-26T00:00:00.000Z,0.6,2022-02-26T00:00:00.000Z,0.7
2022-02-27T00:00:00.000Z,0.65792505,2022-02-27T00:00:00.000Z,1.633318602,2022-02-27T00:00:00.000Z,0.6,2022-02-27T00:00:00.000Z,0.7
2022-02-28T00:00:00.000Z,0.796907786,2022-02-28T00:00:00.000Z,1.958213748,2022-02-28T00:00:00.000Z,0.6,2022-02-28T00:00:00.000Z,0.7
2022-03-01T00:00:00.000Z,0.864685501,2022-03-01T00:00:00.000Z,2.108560373,2022-03-01T00:00:00.000Z,0.6,2022-03-01T00:00:00.000Z,0.7
2022-03-02T00:00:00.000Z,0.849160905,2022-03-02T00:00:00.000Z,2.057622313,2022-03-02T00:00:00.000Z,0.6,2022-03-02T00:00:00.000Z,0.7
2022-03-03T00:00:00.000Z,0.882865281,2022-03-03T00:00:00.000Z,2.128747265,2022-03-03T00:00:00.000Z,0.6,2022-03-03T00:00:00.000Z,0.7
2022-03-04T00:00:00.000Z,0.923232299,2022-03-04T00:00:00.000Z,2.217320112,2022-03-04T00:00:00.000Z,0.6,2022-03-04T00:00:00.000Z,0.7
2022-03-05T00:00:00.000Z,0.960185436,2022-03-05T00:00:00.000Z,2.288096327,2022-03-05T00:00:00.000Z,0.6,2022-03-05T00:00:00.000Z,0.7
2022-03-06T00:00:00.000Z,0.883451283,2022-03-06T00:00:00.000Z,2.089286438,2022-03-06T00:00:00.000Z,0.6,2022-03-06T00:00:00.000Z,0.7
2022-03-07T00:00:00.000Z,0.860375566,2022-03-07T00:00:00.000Z,2.020082576,2022-03-07T00:00:00.000Z,0.6,2022-03-07T00:00:00.000Z,0.7
2022-03-08T00:00:00.000Z,0.839360464,2022-03-08T00:00:00.000Z,1.954690927,2022-03-08T00:00:00.000Z,0.6,2022-03-08T00:00:00.000Z,0.7
2022-03-09T00:00:00.000Z,0.999633572,2022-03-09T00:00:00.000Z,2.317826915,2022-03-09T00:00:00.000Z,0.6,2022-03-09T00:00:00.000Z,0.7
2022-03-10T00:00:00.000Z,0.989164893,2022-03-10T00:00:00.000Z,2.283436214,2022-03-10T00:00:00.000Z,0.6,2022-03-10T00:00:00.000Z,0.7
2022-03-11T00:00:00.000Z,0.970851737,2022-03-11T00:00:00.000Z,2.233195278,2022-03-11T00:00:00.000Z,0.6,2022-03-11T00:00:00.000Z,0.7
2022-03-12T00:00:00.000Z,1.030398037,2022-03-12T00:00:00.000Z,2.362259217,2022-03-12T00:00:00.000Z,0.6,2022-03-12T00:00:00.000Z,0.7
2022-03-13T00:00:00.000Z,1.058924409,2022-03-13T00:00:00.000Z,2.426648124,2022-03-13T00:00:00.000Z,0.6,2022-03-13T00:00:00.000Z,0.7
2022-03-14T00:00:00.000Z,0.998425815,2022-03-14T00:00:00.000Z,2.281304945,2022-03-14T00:00:00.000Z,0.6,2022-03-14T00:00:00.000Z,0.7
2022-03-15T00:00:00.000Z,1.176235195,2022-03-15T00:00:00.000Z,2.683372287,2022-03-15T00:00:00.000Z,0.6,2022-03-15T00:00:00.000Z,0.7
2022-03-16T00:00:00.000Z,1.362113088,2022-03-16T00:00:00.000Z,3.102418984,2022-03-16T00:00:00.000Z,0.6,2022-03-16T00:00:00.000Z,0.7
2022-03-17T00:00:00.000Z,1.239160383,2022-03-17T00:00:00.000Z,2.817567047,2022-03-17T00:00:00.000Z,0.6,2022-03-17T00:00:00.000Z,0.7
2022-03-18T00:00:00.000Z,1.393474352,2022-03-18T00:00:00.000Z,3.170544967,2022-03-18T00:00:00.000Z,0.6,2022-03-18T00:00:00.000Z,0.7
2022-03-19T00:00:00.000Z,1.55525861,2022-03-19T00:00:00.000Z,3.550628654,2022-03-19T00:00:00.000Z,0.6,2022-03-19T00:00:00.000Z,0.7
2022-03-20T00:00:00.000Z,1.339208075,2022-03-20T00:00:00.000Z,3.061031562,2022-03-20T00:00:00.000Z,0.6,2022-03-20T00:00:00.000Z,0.7
2022-03-21T00:00:00.000Z,1.503050043,2022-03-21T00:00:00.000Z,3.444041585,2022-03-21T00:00:00.000Z,0.6,2022-03-21T00:00:00.000Z,0.7
2022-03-22T00:00:00.000Z,1.578031036,2022-03-22T00:00:00.000Z,3.626682402,2022-03-22T00:00:00.000Z,0.6,2022-03-22T00:00:00.000Z,0.7
2022-03-23T00:00:00.000Z,1.525223203,2022-03-23T00:00:00.000Z,3.513481372,2022-03-23T00:00:00.000Z,0.6,2022-03-23T00:00:00.000Z,0.7
2022-03-24T00:00:00.000Z,1.570584112,2022-03-24T00:00:00.000Z,3.631694185,2022-03-24T00:00:00.000Z,0.6,2022-03-24T00:00:00.000Z,0.7
2022-03-25T00:00:00.000Z,1.479605168,2022-03-25T00:00:00.000Z,3.430729953,2022-03-25T00:00:00.000Z,0.6,2022-03-25T00:00:00.000Z,0.7
2022-03-26T00:00:00.000Z,1.384334814,2022-03-26T00:00:00.000Z,3.217824895,2022-03-26T00:00:00.000Z,0.6,2022-03-26T00:00:00.000Z,0.7
2022-03-27T00:00:00.000Z,1.536219894,2022-03-27T00:00:00.000Z,3.58289693,2022-03-27T00:00:00.000Z,0.6,2022-03-27T00:00:00.000Z,0.7
2022-03-28T00:00:00.000Z,1.630501704,2022-03-28T00:00:00.000Z,3.818124724,2022-03-28T00:00:00.000Z,0.6,2022-03-28T00:00:00.000Z,0.7
2022-03-29T00:00:00.000Z,1.635244582,2022-03-29T00:00:00.000Z,3.851016622,2022-03-29T00:00:00.000Z,0.6,2022-03-29T00:00:00.000Z,0.7
2022-03-30T00:00:00.000Z,1.620196756,2022-03-30T00:00:00.000Z,3.830823375,2022-03-30T00:00:00.000Z,0.6,2022-03-30T00:00:00.000Z,0.7
2022-03-31T00:00:00.000Z,1.519775124,2022-03-31T00:00:00.000Z,3.60184371,2022-03-31T00:00:00.000Z,0.6,2022-03-31T00:00:00.000Z,0.7
2022-04-01T00:00:00.000Z,1.768125672,2022-04-01T00:00:00.000Z,4.200178447,2022-04-01T00:00:00.000Z,0.6,2022-04-01T00:00:00.000Z,0.7
2022-04-02T00:00:00.000Z,1.849611916,2022-04-02T00:00:00.000Z,4.408990711,2022-04-02T00:00:00.000Z,0.6,2022-04-02T00:00:00.000Z,0.7
2022-04-03T00:00:00.000Z,1.997088119,2022-04-03T00:00:00.000Z,4.792879273,2022-04-03T00:00:00.000Z,0.6,2022-04-03T00:00:00.000Z,0.7
2022-04-04T00:00:00.000Z,2.017497488,2022-04-04T00:00:00.000Z,4.877138577,2022-04-04T00:00:00.000Z,0.6,2022-04-04T00:00:00.000Z,0.7
2022-04-05T00:00:00.000Z,1.763759212,2022-04-05T00:00:00.000Z,4.28358292,2022-04-05T00:00:00.000Z,0.6,2022-04-05T00:00:00.000Z,0.7
2022-04-06T00:00:00.000Z,1.477751213,2022-04-06T00:00:00.000Z,3.600548819,2022-04-06T00:00:00.000Z,0.6,2022-04-06T00:00:00.000Z,0.7
2022-04-07T00:00:00.000Z,1.486815832,2022-04-07T00:00:00.000Z,3.638013191,2022-04-07T00:00:00.000Z,0.6,2022-04-07T00:00:00.000Z,0.7
2022-04-08T00:00:00.000Z,1.348576868,2022-04-08T00:00:00.000Z,3.309460415,2022-04-08T00:00:00.000Z,0.6,2022-04-08T00:00:00.000Z,0.7
2022-04-09T00:00:00.000Z,1.38982235,2022-04-09T00:00:00.000Z,3.417686162,2022-04-09T00:00:00.000Z,0.6,2022-04-09T00:00:00.000Z,0.7
2022-04-10T00:00:00.000Z,1.39030238,2022-04-10T00:00:00.000Z,3.429960607,2022-04-10T00:00:00.000Z,0.6,2022-04-10T00:00:00.000Z,0.7
2022-04-11T00:00:00.000Z,1.213788174,2022-04-11T00:00:00.000Z,2.995263041,2022-04-11T00:00:00.000Z,0.6,2022-04-11T00:00:00.000Z,0.7
2022-04-12T00:00:00.000Z,1.189886951,2022-04-12T00:00:00.000Z,2.936074153,2022-04-12T00:00:00.000Z,0.6,2022-04-12T00:00:00.000Z,0.7
2022-04-13T00:00:00.000Z,1.342620334,2022-04-13T00:00:00.000Z,3.32299943,2022-04-13T00:00:00.000Z,0.6,2022-04-13T00:00:00.000Z,0.7
2022-04-14T00:00:00.000Z,1.171659104,2022-04-14T00:00:00.000Z,2.903643123,2022-04-14T00:00:00.000Z,0.6,2022-04-14T00:00:00.000Z,0.7
2022-04-15T00:00:00.000Z,1.213821677,2022-04-15T00:00:00.000Z,3.014918703,2022-04-15T00:00:00.000Z,0.6,2022-04-15T00:00:00.000Z,0.7
2022-04-16T00:00:00.000Z,1.216480452,2022-04-16T00:00:00.000Z,3.028568632,2022-04-16T00:00:00.000Z,0.6,2022-04-16T00:00:00.000Z,0.7
2022-04-17T00:00:00.000Z,1.117561003,2022-04-17T00:00:00.000Z,2.789989092,2022-04-17T00:00:00.000Z,0.6,2022-04-17T00:00:00.000Z,0.7
2022-04-18T00:00:00.000Z,1.168496207,2022-04-18T00:00:00.000Z,2.92555981,2022-04-18T00:00:00.000Z,0.6,2022-04-18T00:00:00.000Z,0.7
2022-04-19T00:00:00.000Z,1.17515069,2022-04-19T00:00:00.000Z,2.951951404,2022-04-19T00:00:00.000Z,0.6,2022-04-19T00:00:00.000Z,0.7
2022-04-20T00:00:00.000Z,1.137919012,2022-04-20T00:00:00.000Z,2.867578796,2022-04-20T00:00:00.000Z,0.6,2022-04-20T00:00:00.000Z,0.7
2022-04-21T00:00:00.000Z,1.087592604,2022-04-21T00:00:00.000Z,2.750558937,2022-04-21T00:00:00.000Z,0.6,2022-04-21T00:00:00.000Z,0.7
2022-04-22T00:00:00.000Z,1.081058446,2022-04-22T00:00:00.000Z,2.746509631,2022-04-22T00:00:00.000Z,0.6,2022-04-22T00:00:00.000Z,0.7
2022-04-23T00:00:00.000Z,1.091501421,2022-04-23T00:00:00.000Z,2.786739552,2022-04-23T00:00:00.000Z,0.6,2022-04-23T00:00:00.000Z,0.7
2022-04-24T00:00:00.000Z,1.183759678,2022-04-24T00:00:00.000Z,3.040259758,2022-04-24T00:00:00.000Z,0.6,2022-04-24T00:00:00.000Z,0.7
2022-04-25T00:00:00.000Z,1.272229027,2022-04-25T00:00:00.000Z,3.29028459,2022-04-25T00:00:00.000Z,0.6,2022-04-25T00:00:00.000Z,0.7
2022-04-26T00:00:00.000Z,1.13882602,2022-04-26T00:00:00.000Z,2.961658638,2022-04-26T00:00:00.000Z,0.6,2022-04-26T00:00:00.000Z,0.7
2022-04-27T00:00:00.000Z,1.230887078,2022-04-27T00:00:00.000Z,3.220803442,2022-04-27T00:00:00.000Z,0.6,2022-04-27T00:00:00.000Z,0.7
2022-04-28T00:00:00.000Z,1.361069631,2022-04-28T00:00:00.000Z,3.590573045,2022-04-28T00:00:00.000Z,0.6,2022-04-28T00:00:00.000Z,0.7
2022-04-29T00:00:00.000Z,1.185590615,2022-04-29T00:00:00.000Z,3.147179892,2022-04-29T00:00:00.000Z,0.6,2022-04-29T00:00:00.000Z,0.7
2022-04-30T00:00:00.000Z,1.094002922,2022-04-30T00:00:00.000Z,2.917643601,2022-04-30T00:00:00.000Z,0.6,2022-04-30T00:00:00.000Z,0.7
2022-05-01T00:00:00.000Z,1.074458064,2022-05-01T00:00:00.000Z,2.876328771,2022-05-01T00:00:00.000Z,0.6,2022-05-01T00:00:00.000Z,0.7
2022-05-02T00:00:00.000Z,1.037621985,2022-05-02T00:00:00.000Z,2.785628592,2022-05-02T00:00:00.000Z,0.6,2022-05-02T00:00:00.000Z,0.7
2022-05-03T00:00:00.000Z,1.024662621,2022-05-03T00:00:00.000Z,2.758958634,2022-05-03T00:00:00.000Z,0.6,2022-05-03T00:00:00.000Z,0.7
2022-05-04T00:00:00.000Z,1.138861991,2022-05-04T00:00:00.000Z,3.080956594,2022-05-04T00:00:00.000Z,0.6,2022-05-04T00:00:00.000Z,0.7
2022-05-05T00:00:00.000Z,1.039399736,2022-05-05T00:00:00.000Z,2.821008434,2022-05-05T00:00:00.000Z,0.6,2022-05-05T00:00:00.000Z,0.7
2022-05-06T00:00:00.000Z,1.02487501,2022-05-06T00:00:00.000Z,2.790176323,2022-05-06T00:00:00.000Z,0.6,2022-05-06T00:00:00.000Z,0.7
2022-05-07T00:00:00.000Z,1.007856632,2022-05-07T00:00:00.000Z,2.751654579,2022-05-07T00:00:00.000Z,0.6,2022-05-07T00:00:00.000Z,0.7
2022-05-08T00:00:00.000Z,1.026213047,2022-05-08T00:00:00.000Z,2.808722402,2022-05-08T00:00:00.000Z,0.6,2022-05-08T00:00:00.000Z,0.7
2022-05-09T00:00:00.000Z,0.739234396,2022-05-09T00:00:00.000Z,2.022691701,2022-05-09T00:00:00.000Z,0.6,2022-05-09T00:00:00.000Z,0.7
2022-05-10T00:00:00.000Z,0.708856912,2022-05-10T00:00:00.000Z,1.939136517,2022-05-10T00:00:00.000Z,0.6,2022-05-10T00:00:00.000Z,0.7
2022-05-11T00:00:00.000Z,0.557222838,2022-05-11T00:00:00.000Z,1.523017658,2022-05-11T00:00:00.000Z,0.6,2022-05-11T00:00:00.000Z,0.7
2022-05-12T00:00:00.000Z,0.517085324,2022-05-12T00:00:00.000Z,1.411785415,2022-05-12T00:00:00.000Z,0.6,2022-05-12T00:00:00.000Z,0.7
2022-05-13T00:00:00.000Z,0.544719442,2022-05-13T00:00:00.000Z,1.486258894,2022-05-13T00:00:00.000Z,0.6,2022-05-13T00:00:00.000Z,0.7
2022-05-14T00:00:00.000Z,0.538560125,2022-05-14T00:00:00.000Z,1.469306961,2022-05-14T00:00:00.000Z,0.6,2022-05-14T00:00:00.000Z,0.7
2022-05-15T00:00:00.000Z,0.53865285,2022-05-15T00:00:00.000Z,1.469212633,2022-05-15T00:00:00.000Z,0.6,2022-05-15T00:00:00.000Z,0.7
2022-05-16T00:00:00.000Z,0.523630526,2022-05-16T00:00:00.000Z,1.426162122,2022-05-16T00:00:00.000Z,0.6,2022-05-16T00:00:00.000Z,0.7
2022-05-17T00:00:00.000Z,0.556408813,2022-05-17T00:00:00.000Z,1.513395274,2022-05-17T00:00:00.000Z,0.6,2022-05-17T00:00:00.000Z,0.7
2022-05-18T00:00:00.000Z,0.506382425,2022-05-18T00:00:00.000Z,1.375572031,2022-05-18T00:00:00.000Z,0.6,2022-05-18T00:00:00.000Z,0.7
2022-05-19T00:00:00.000Z,0.523427194,2022-05-19T00:00:00.000Z,1.421111217,2022-05-19T00:00:00.000Z,0.6,2022-05-19T00:00:00.000Z,0.7
2022-05-20T00:00:00.000Z,0.484332719,2022-05-20T00:00:00.000Z,1.313991606,2022-05-20T00:00:00.000Z,0.6,2022-05-20T00:00:00.000Z,0.7
2022-05-21T00:00:00.000Z,0.491169633,2022-05-21T00:00:00.000Z,1.332373315,2022-05-21T00:00:00.000Z,0.6,2022-05-21T00:00:00.000Z,0.7
2022-05-22T00:00:00.000Z,0.488062683,2022-05-22T00:00:00.000Z,1.323761429,2022-05-22T00:00:00.000Z,0.6,2022-05-22T00:00:00.000Z,0.7
2022-05-23T00:00:00.000Z,0.436047155,2022-05-23T00:00:00.000Z,1.180187616,2022-05-23T00:00:00.000Z,0.6,2022-05-23T00:00:00.000Z,0.7
2022-05-24T00:00:00.000Z,0.406843409,2022-05-24T00:00:00.000Z,1.099134327,2022-05-24T00:00:00.000Z,0.6,2022-05-24T00:00:00.000Z,0.7
2022-05-25T00:00:00.000Z,0.402047918,2022-05-25T00:00:00.000Z,1.08442243,2022-05-25T00:00:00.000Z,0.6,2022-05-25T00:00:00.000Z,0.7
2022-05-26T00:00:00.000Z,0.375294431,2022-05-26T00:00:00.000Z,1.009632502,2022-05-26T00:00:00.000Z,0.6,2022-05-26T00:00:00.000Z,0.7
2022-05-27T00:00:00.000Z,0.400061714,2022-05-27T00:00:00.000Z,1.073903531,2022-05-27T00:00:00.000Z,0.6,2022-05-27T00:00:00.000Z,0.7
2022-05-28T00:00:00.000Z,0.385248887,2022-05-28T00:00:00.000Z,1.031564964,2022-05-28T00:00:00.000Z,0.6,2022-05-28T00:00:00.000Z,0.7
2022-05-29T00:00:00.000Z,0.437582645,2022-05-29T00:00:00.000Z,1.167854147,2022-05-29T00:00:00.000Z,0.6,2022-05-29T00:00:00.000Z,0.7
2022-05-30T00:00:00.000Z,0.457365516,2022-05-30T00:00:00.000Z,1.216116937,2022-05-30T00:00:00.000Z,0.6,2022-05-30T00:00:00.000Z,0.7
2022-05-31T00:00:00.000Z,0.398736595,2022-05-31T00:00:00.000Z,1.0557864,2022-05-31T00:00:00.000Z,0.6,2022-05-31T00:00:00.000Z,0.7
2022-06-01T00:00:00.000Z,0.389930766,2022-06-01T00:00:00.000Z,1.027699708,2022-06-01T00:00:00.000Z,0.6,2022-06-01T00:00:00.000Z,0.7
2022-06-02T00:00:00.000Z,0.390755782,2022-06-02T00:00:00.000Z,1.024696064,2022-06-02T00:00:00.000Z,0.6,2022-06-02T00:00:00.000Z,0.7
2022-06-03T00:00:00.000Z,0.385529065,2022-06-03T00:00:00.000Z,1.005495594,2022-06-03T00:00:00.000Z,0.6,2022-06-03T00:00:00.000Z,0.7
2022-06-04T00:00:00.000Z,0.391793506,2022-06-04T00:00:00.000Z,1.017166621,2022-06-04T00:00:00.000Z,0.6,2022-06-04T00:00:00.000Z,0.7
2022-06-05T00:00:00.000Z,0.400910161,2022-06-05T00:00:00.000Z,1.036453469,2022-06-05T00:00:00.000Z,0.6,2022-06-05T00:00:00.000Z,0.7
2022-06-06T00:00:00.000Z,0.412178185,2022-06-06T00:00:00.000Z,1.061493515,2022-06-06T00:00:00.000Z,0.6,2022-06-06T00:00:00.000Z,0.7
2022-06-07T00:00:00.000Z,0.412310272,2022-06-07T00:00:00.000Z,1.056053211,2022-06-07T00:00:00.000Z,0.6,2022-06-07T00:00:00.000Z,0.7
2022-06-08T00:00:00.000Z,0.39614161,2022-06-08T00:00:00.000Z,1.009030915,2022-06-08T00:00:00.000Z,0.6,2022-06-08T00:00:00.000Z,0.7
2022-06-09T00:00:00.000Z,0.403101727,2022-06-09T00:00:00.000Z,1.02133153,2022-06-09T00:00:00.000Z,0.6,2022-06-09T00:00:00.000Z,0.7
2022-06-10T00:00:00.000Z,0.395730472,2022-06-10T00:00:00.000Z,0.996650527,2022-06-10T00:00:00.000Z,0.6,2022-06-10T00:00:00.000Z,0.7
2022-06-11T00:00:00.000Z,0.33865838,2022-06-11T00:00:00.000Z,0.846969855,2022-06-11T00:00:00.000Z,0.6,2022-06-11T00:00:00.000Z,0.7
2022-06-12T00:00:00.000Z,0.323043211,2022-06-12T00:00:00.000Z,0.802609414,2022-06-12T00:00:00.000Z,0.6,2022-06-12T00:00:00.000Z,0.7
2022-06-13T00:00:00.000Z,0.241208618,2022-06-13T00:00:00.000Z,0.593688647,2022-06-13T00:00:00.000Z,0.6,2022-06-13T00:00:00.000Z,0.7
2022-06-14T00:00:00.000Z,0.255512493,2022-06-14T00:00:00.000Z,0.621852492,2022-06-14T00:00:00.000Z,0.6,2022-06-14T00:00:00.000Z,0.7
2022-06-15T00:00:00.000Z,0.255653246,2022-06-15T00:00:00.000Z,0.615941127,2022-06-15T00:00:00.000Z,0.6,2022-06-15T00:00:00.000Z,0.7
2022-06-16T00:00:00.000Z,0.223578251,2022-06-16T00:00:00.000Z,0.532108963,2022-06-16T00:00:00.000Z,0.6,2022-06-16T00:00:00.000Z,0.7
2022-06-17T00:00:00.000Z,0.247222801,2022-06-17T00:00:00.000Z,0.580222755,2022-06-17T00:00:00.000Z,0.6,2022-06-17T00:00:00.000Z,0.7
2022-06-18T00:00:00.000Z,0.199598319,2022-06-18T00:00:00.000Z,0.46268736,2022-06-18T00:00:00.000Z,0.6,2022-06-18T00:00:00.000Z,0.7
2022-06-19T00:00:00.000Z,0.225966195,2022-06-19T00:00:00.000Z,0.516460151,2022-06-19T00:00:00.000Z,0.6,2022-06-19T00:00:00.000Z,0.7
2022-06-20T00:00:00.000Z,0.229217506,2022-06-20T00:00:00.000Z,0.515968673,2022-06-20T00:00:00.000Z,0.6,2022-06-20T00:00:00.000Z,0.7
2022-06-21T00:00:00.000Z,0.245164805,2022-06-21T00:00:00.000Z,0.543776414,2022-06-21T00:00:00.000Z,0.6,2022-06-21T00:00:00.000Z,0.7
2022-06-22T00:00:00.000Z,0.234286778,2022-06-22T00:00:00.000Z,0.511526534,2022-06-22T00:00:00.000Z,0.6,2022-06-22T00:00:00.000Z,0.7
2022-06-23T00:00:00.000Z,0.253983145,2022-06-23T00:00:00.000Z,0.546390596,2022-06-23T00:00:00.000Z,0.6,2022-06-23T00:00:00.000Z,0.7
2022-06-24T00:00:00.000Z,0.304542361,2022-06-24T00:00:00.000Z,0.646456966,2022-06-24T00:00:00.000Z,0.6,2022-06-24T00:00:00.000Z,0.7
2022-06-25T00:00:00.000Z,0.3082971,2022-06-25T00:00:00.000Z,0.644361187,2022-06-25T00:00:00.000Z,0.6,2022-06-25T00:00:00.000Z,0.7
2022-06-26T00:00:00.000Z,0.301307152,2022-06-26T00:00:00.000Z,0.619041664,2022-06-26T00:00:00.000Z,0.6,2022-06-26T00:00:00.000Z,0.7
2022-06-27T00:00:00.000Z,0.284703951,2022-06-27T00:00:00.000Z,0.574565399,2022-06-27T00:00:00.000Z,0.6,2022-06-27T00:00:00.000Z,0.7
2022-06-28T00:00:00.000Z,0.262539064,2022-06-28T00:00:00.000Z,0.520176611,2022-06-28T00:00:00.000Z,0.6,2022-06-28T00:00:00.000Z,0.7
2022-06-29T00:00:00.000Z,0.255994211,2022-06-29T00:00:00.000Z,0.498381669,2022-06-29T00:00:00.000Z,0.6,2022-06-29T00:00:00.000Z,0.7
2022-06-30T00:00:00.000Z,0.238437456,2022-06-30T00:00:00.000Z,0.454277312,2022-06-30T00:00:00.000Z,0.6,2022-06-30T00:00:00.000Z,0.7
2022-07-01T00:00:00.000Z,0.245272299,2022-07-01T00:00:00.000Z,0.456527794,2022-07-01T00:00:00.000Z,0.6,2022-07-01T00:00:00.000Z,0.7
2022-07-02T00:00:00.000Z,0.256522658,2022-07-02T00:00:00.000Z,0.465133034,2022-07-02T00:00:00.000Z,0.6,2022-07-02T00:00:00.000Z,0.7
2022-07-03T00:00:00.000Z,0.285168307,2022-07-03T00:00:00.000Z,0.503215073,2022-07-03T00:00:00.000Z,0.6,2022-07-03T00:00:00.000Z,0.7
2022-07-04T00:00:00.000Z,0.315505476,2022-07-04T00:00:00.000Z,0.543637982,2022-07-04T00:00:00.000Z,0.6,2022-07-04T00:00:00.000Z,0.7
2022-07-05T00:00:00.000Z,0.337658545,2022-07-05T00:00:00.000Z,0.570441026,2022-07-05T00:00:00.000Z,0.6,2022-07-05T00:00:00.000Z,0.7
2022-07-06T00:00:00.000Z,0.375421973,2022-07-06T00:00:00.000Z,0.621656342,2022-07-06T00:00:00.000Z,0.6,2022-07-06T00:00:00.000Z,0.7
2022-07-07T00:00:00.000Z,0.409770477,2022-07-07T00:00:00.000Z,0.66650017,2022-07-07T00:00:00.000Z,0.6,2022-07-07T00:00:00.000Z,0.7
2022-07-08T00:00:00.000Z,0.464778691,2022-07-08T00:00:00.000Z,0.742155171,2022-07-08T00:00:00.000Z,0.6,2022-07-08T00:00:00.000Z,0.7
2022-07-09T00:00:00.000Z,0.435765707,2022-07-09T00:00:00.000Z,0.682524805,2022-07-09T00:00:00.000Z,0.6,2022-07-09T00:00:00.000Z,0.7
2022-07-10T00:00:00.000Z,0.415217109,2022-07-10T00:00:00.000Z,0.639471747,2022-07-10T00:00:00.000Z,0.6,2022-07-10T00:00:00.000Z,0.7
2022-07-11T00:00:00.000Z,0.412618183,2022-07-11T00:00:00.000Z,0.624873126,2022-07-11T00:00:00.000Z,0.6,2022-07-11T00:00:00.000Z,0.7
2022-07-12T00:00:00.000Z,0.429682951,2022-07-12T00:00:00.000Z,0.637896819,2022-07-12T00:00:00.000Z,0.6,2022-07-12T00:00:00.000Z,0.7
2022-07-13T00:00:00.000Z,0.638373283,2022-07-13T00:00:00.000Z,0.933740802,2022-07-13T00:00:00.000Z,0.6,2022-07-13T00:00:00.000Z,0.7
2022-07-14T00:00:00.000Z,0.628245135,2022-07-14T00:00:00.000Z,0.904192555,2022-07-14T00:00:00.000Z,0.6,2022-07-14T00:00:00.000Z,0.7
2022-07-15T00:00:00.000Z,0.808349005,2022-07-15T00:00:00.000Z,1.146500308,2022-07-15T00:00:00.000Z,0.6,2022-07-15T00:00:00.000Z,0.7
2022-07-16T00:00:00.000Z,0.97803975,2022-07-16T00:00:00.000Z,1.371764663,2022-07-16T00:00:00.000Z,0.6,2022-07-16T00:00:00.000Z,0.7
2022-07-17T00:00:00.000Z,1.165561662,2022-07-17T00:00:00.000Z,1.617840539,2022-07-17T00:00:00.000Z,0.6,2022-07-17T00:00:00.000Z,0.7
2022-07-18T00:00:00.000Z,1.097738362,2022-07-18T00:00:00.000Z,1.506063789,2022-07-18T00:00:00.000Z,0.6,2022-07-18T00:00:00.000Z,0.7
2022-07-19T00:00:00.000Z,1.108729777,2022-07-19T00:00:00.000Z,1.50434976,2022-07-19T00:00:00.000Z,0.6,2022-07-19T00:00:00.000Z,0.7
2022-07-20T00:00:00.000Z,1.181749649,2022-07-20T00:00:00.000Z,1.588161867,2022-07-20T00:00:00.000Z,0.6,2022-07-20T00:00:00.000Z,0.7
2022-07-21T00:00:00.000Z,1.210367368,2022-07-21T00:00:00.000Z,1.611355273,2022-07-21T00:00:00.000Z,0.6,2022-07-21T00:00:00.000Z,0.7
2022-07-22T00:00:00.000Z,1.159118274,2022-07-22T00:00:00.000Z,1.52690208,2022-07-22T00:00:00.000Z,0.6,2022-07-22T00:00:00.000Z,0.7
2022-07-23T00:00:00.000Z,1.219634547,2022-07-23T00:00:00.000Z,1.586925077,2022-07-23T00:00:00.000Z,0.6,2022-07-23T00:00:00.000Z,0.7
2022-07-24T00:00:00.000Z,1.29258299,2022-07-24T00:00:00.000Z,1.658404686,2022-07-24T00:00:00.000Z,0.6,2022-07-24T00:00:00.000Z,0.7
2022-07-25T00:00:00.000Z,1.158164211,2022-07-25T00:00:00.000Z,1.466705447,2022-07-25T00:00:00.000Z,0.6,2022-07-25T00:00:00.000Z,0.7
2022-07-26T00:00:00.000Z,1.145639425,2022-07-26T00:00:00.000Z,1.428023103,2022-07-26T00:00:00.000Z,0.6,2022-07-26T00:00:00.000Z,0.7
2022-07-27T00:00:00.000Z,1.570257967,2022-07-27T00:00:00.000Z,1.92830186,2022-07-27T00:00:00.000Z,0.6,2022-07-27T00:00:00.000Z,0.7
2022-07-28T00:00:00.000Z,1.839892681,2022-07-28T00:00:00.000Z,2.240890084,2022-07-28T00:00:00.000Z,0.6,2022-07-28T00:00:00.000Z,0.7
2022-07-29T00:00:00.000Z,2.035025296,2022-07-29T00:00:00.000Z,2.468392905,2022-07-29T00:00:00.000Z,0.6,2022-07-29T00:00:00.000Z,0.7
2022-07-30T00:00:00.000Z,1.944748037,2022-07-30T00:00:00.000Z,2.347462805,2022-07-30T00:00:00.000Z,0.6,2022-07-30T00:00:00.000Z,0.7
2022-07-31T00:00:00.000Z,1.802569368,2022-07-31T00:00:00.000Z,2.163379294,2022-07-31T00:00:00.000Z,0.6,2022-07-31T00:00:00.000Z,0.7
2022-08-01T00:00:00.000Z,1.742263404,2022-08-01T00:00:00.000Z,2.077816352,2022-08-01T00:00:00.000Z,0.6,2022-08-01T00:00:00.000Z,0.7
2022-08-02T00:00:00.000Z,1.94732295,2022-08-02T00:00:00.000Z,2.305593064,2022-08-02T00:00:00.000Z,0.6,2022-08-02T00:00:00.000Z,0.7
2022-08-03T00:00:00.000Z,2.196424938,2022-08-03T00:00:00.000Z,2.595009607,2022-08-03T00:00:00.000Z,0.6,2022-08-03T00:00:00.000Z,0.7
2022-08-04T00:00:00.000Z,2.071786466,2022-08-04T00:00:00.000Z,2.439684761,2022-08-04T00:00:00.000Z,0.6,2022-08-04T00:00:00.000Z,0.7
2022-08-05T00:00:00.000Z,2.227573263,2022-08-05T00:00:00.000Z,2.619873777,2022-08-05T00:00:00.000Z,0.6,2022-08-05T00:00:00.000Z,0.7
2022-08-06T00:00:00.000Z,2.211412468,2022-08-06T00:00:00.000Z,2.595630962,2022-08-06T00:00:00.000Z,0.6,2022-08-06T00:00:00.000Z,0.7
2022-08-07T00:00:00.000Z,2.084668604,2022-08-07T00:00:00.000Z,2.456924303,2022-08-07T00:00:00.000Z,0.6,2022-08-07T00:00:00.000Z,0.7
2022-08-08T00:00:00.000Z,2.008044483,2022-08-08T00:00:00.000Z,2.376372991,2022-08-08T00:00:00.000Z,0.6,2022-08-08T00:00:00.000Z,0.7
2022-08-09T00:00:00.000Z,1.900416556,2022-08-09T00:00:00.000Z,2.264663657,2022-08-09T00:00:00.000Z,0.6,2022-08-09T00:00:00.000Z,0.7
2022-08-10T00:00:00.000Z,2.245897682,2022-08-10T00:00:00.000Z,2.708726518,2022-08-10T00:00:00.000Z,0.6,2022-08-10T00:00:00.000Z,0.7
2022-08-11T00:00:00.000Z,2.164639259,2022-08-11T00:00:00.000Z,2.638434166,2022-08-11T00:00:00.000Z,0.6,2022-08-11T00:00:00.000Z,0.7
2022-08-12T00:00:00.000Z,2.272016882,2022-08-12T00:00:00.000Z,2.80298269,2022-08-12T00:00:00.000Z,0.6,2022-08-12T00:00:00.000Z,0.7
2022-08-13T00:00:00.000Z,2.351718428,2022-08-13T00:00:00.000Z,2.939735389,2022-08-13T00:00:00.000Z,0.6,2022-08-13T00:00:00.000Z,0.7
2022-08-14T00:00:00.000Z,2.113847116,2022-08-14T00:00:00.000Z,2.671640193,2022-08-14T00:00:00.000Z,0.6,2022-08-14T00:00:00.000Z,0.7
2022-08-15T00:00:00.000Z,2.142140659,2022-08-15T00:00:00.000Z,2.736511803,2022-08-15T00:00:00.000Z,0.6,2022-08-15T00:00:00.000Z,0.7
2022-08-16T00:00:00.000Z,1.995712556,2022-08-16T00:00:00.000Z,2.576075549,2022-08-16T00:00:00.000Z,0.6,2022-08-16T00:00:00.000Z,0.7
2022-08-17T00:00:00.000Z,1.895606888,2022-08-17T00:00:00.000Z,2.468928094,2022-08-17T00:00:00.000Z,0.6,2022-08-17T00:00:00.000Z,0.7
2022-08-18T00:00:00.000Z,1.707015144,2022-08-18T00:00:00.000Z,2.240877374,2022-08-18T00:00:00.000Z,0.6,2022-08-18T00:00:00.000Z,0.7
2022-08-19T00:00:00.000Z,1.392028868,2022-08-19T00:00:00.000Z,1.835156934,2022-08-19T00:00:00.000Z,0.6,2022-08-19T00:00:00.000Z,0.7
2022-08-20T00:00:00.000Z,1.403016499,2022-08-20T00:00:00.000Z,1.857970104,2022-08-20T00:00:00.000Z,0.6,2022-08-20T00:00:00.000Z,0.7
2022-08-21T00:00:00.000Z,1.6204708,2022-08-21T00:00:00.000Z,2.163645298,2022-08-21T00:00:00.000Z,0.6,2022-08-21T00:00:00.000Z,0.7
2022-08-22T00:00:00.000Z,1.616338031,2022-08-22T00:00:00.000Z,2.177493838,2022-08-22T00:00:00.000Z,0.6,2022-08-22T00:00:00.000Z,0.7
2022-08-23T00:00:00.000Z,1.569220178,2022-08-23T00:00:00.000Z,2.132288093,2022-08-23T00:00:00.000Z,0.6,2022-08-23T00:00:00.000Z,0.7
2022-08-24T00:00:00.000Z,1.579888832,2022-08-24T00:00:00.000Z,2.167103491,2022-08-24T00:00:00.000Z,0.6,2022-08-24T00:00:00.000Z,0.7
2022-08-25T00:00:00.000Z,1.450860995,2022-08-25T00:00:00.000Z,2.005130468,2022-08-25T00:00:00.000Z,0.6,2022-08-25T00:00:00.000Z,0.7
2022-08-26T00:00:00.000Z,1.242150139,2022-08-26T00:00:00.000Z,1.726274378,2022-08-26T00:00:00.000Z,0.6,2022-08-26T00:00:00.000Z,0.7
2022-08-27T00:00:00.000Z,1.169740716,2022-08-27T00:00:00.000Z,1.631671897,2022-08-27T00:00:00.000Z,0.6,2022-08-27T00:00:00.000Z,0.7
2022-08-28T00:00:00.000Z,1.145992334,2022-08-28T00:00:00.000Z,1.603477627,2022-08-28T00:00:00.000Z,0.6,2022-08-28T00:00:00.000Z,0.7
2022-08-29T00:00:00.000Z,1.330265407,2022-08-29T00:00:00.000Z,1.873398236,2022-08-29T00:00:00.000Z,0.6,2022-08-29T00:00:00.000Z,0.7
2022-08-30T00:00:00.000Z,1.256122803,2022-08-30T00:00:00.000Z,1.779476507,2022-08-30T00:00:00.000Z,0.6,2022-08-30T00:00:00.000Z,0.7
2022-08-31T00:00:00.000Z,1.384394967,2022-08-31T00:00:00.000Z,1.975822648,2022-08-31T00:00:00.000Z,0.6,2022-08-31T00:00:00.000Z,0.7
2022-09-01T00:00:00.000Z,1.449709448,2022-09-01T00:00:00.000Z,2.086452062,2022-09-01T00:00:00.000Z,0.6,2022-09-01T00:00:00.000Z,0.7
2022-09-02T00:00:00.000Z,1.50400143,2022-09-02T00:00:00.000Z,2.184090834,2022-09-02T00:00:00.000Z,0.6,2022-09-02T00:00:00.000Z,0.7
2022-09-03T00:00:00.000Z,1.369575124,2022-09-03T00:00:00.000Z,2.00359624,2022-09-03T00:00:00.000Z,0.6,2022-09-03T00:00:00.000Z,0.7
2022-09-04T00:00:00.000Z,1.39143343,2022-09-04T00:00:00.000Z,2.050869592,2022-09-04T00:00:00.000Z,0.6,2022-09-04T00:00:00.000Z,0.7
2022-09-05T00:00:00.000Z,1.376019209,2022-09-05T00:00:00.000Z,2.043243427,2022-09-05T00:00:00.000Z,0.6,2022-09-05T00:00:00.000Z,0.7
2022-09-06T00:00:00.000Z,1.241174575,2022-09-06T00:00:00.000Z,1.854675504,2022-09-06T00:00:00.000Z,0.6,2022-09-06T00:00:00.000Z,0.7
2022-09-07T00:00:00.000Z,1.300814896,2022-09-07T00:00:00.000Z,1.957323839,2022-09-07T00:00:00.000Z,0.6,2022-09-07T00:00:00.000Z,0.7
2022-09-08T00:00:00.000Z,1.241930596,2022-09-08T00:00:00.000Z,1.880923476,2022-09-08T00:00:00.000Z,0.6,2022-09-08T00:00:00.000Z,0.7
2022-09-09T00:00:00.000Z,1.34642106,2022-09-09T00:00:00.000Z,2.057282492,2022-09-09T00:00:00.000Z,0.6,2022-09-09T00:00:00.000Z,0.7
2022-09-10T00:00:00.000Z,1.364564506,2022-09-10T00:00:00.000Z,2.104747817,2022-09-10T00:00:00.000Z,0.6,2022-09-10T00:00:00.000Z,0.7
2022-09-11T00:00:00.000Z,1.337816153,2022-09-11T00:00:00.000Z,2.085668016,2022-09-11T00:00:00.000Z,0.6,2022-09-11T00:00:00.000Z,0.7
2022-09-12T00:00:00.000Z,1.260832707,2022-09-12T00:00:00.000Z,1.984743176,2022-09-12T00:00:00.000Z,0.6,2022-09-12T00:00:00.000Z,0.7
2022-09-13T00:00:00.000Z,1.151229214,2022-09-13T00:00:00.000Z,1.827710819,2022-09-13T00:00:00.000Z,0.6,2022-09-13T00:00:00.000Z,0.7
2022-09-14T00:00:00.000Z,1.136225658,2022-09-14T00:00:00.000Z,1.820152118,2022-09-14T00:00:00.000Z,0.6,2022-09-14T00:00:00.000Z,0.7
2022-09-15T00:00:00.000Z,1.054100704,2022-09-15T00:00:00.000Z,1.701729165,2022-09-15T00:00:00.000Z,0.6,2022-09-15T00:00:00.000Z,0.7
2022-09-16T00:00:00.000Z,1.08666701,2022-09-16T00:00:00.000Z,1.770089546,2022-09-16T00:00:00.000Z,0.6,2022-09-16T00:00:00.000Z,0.7
2022-09-17T00:00:00.000Z,1.16015559,2022-09-17T00:00:00.000Z,1.907730623,2022-09-17T00:00:00.000Z,0.6,2022-09-17T00:00:00.000Z,0.7
2022-09-18T00:00:00.000Z,1.014905714,2022-09-18T00:00:00.000Z,1.6820348,2022-09-18T00:00:00.000Z,0.6,2022-09-18T00:00:00.000Z,0.7
2022-09-19T00:00:00.000Z,1.0889554,2022-09-19T00:00:00.000Z,1.820203786,2022-09-19T00:00:00.000Z,0.6,2022-09-19T00:00:00.000Z,0.7
2022-09-20T00:00:00.000Z,1.060213537,2022-09-20T00:00:00.000Z,1.787188864,2022-09-20T00:00:00.000Z,0.6,2022-09-20T00:00:00.000Z,0.7
2022-09-21T00:00:00.000Z,1.070022958,2022-09-21T00:00:00.000Z,1.818852972,2022-09-21T00:00:00.000Z,0.6,2022-09-21T00:00:00.000Z,0.7
2022-09-22T00:00:00.000Z,1.051976889,2022-09-22T00:00:00.000Z,1.801680778,2022-09-22T00:00:00.000Z,0.6,2022-09-22T00:00:00.000Z,0.7
2022-09-23T00:00:00.000Z,1.020394671,2022-09-23T00:00:00.000Z,1.760242666,2022-09-23T00:00:00.000Z,0.6,2022-09-23T00:00:00.000Z,0.7
2022-09-24T00:00:00.000Z,0.970161072,2022-09-24T00:00:00.000Z,1.685078075,2022-09-24T00:00:00.000Z,0.6,2022-09-24T00:00:00.000Z,0.7
2022-09-25T00:00:00.000Z,0.901088201,2022-09-25T00:00:00.000Z,1.575122697,2022-09-25T00:00:00.000Z,0.6,2022-09-25T00:00:00.000Z,0.7
2022-09-26T00:00:00.000Z,0.925066412,2022-09-26T00:00:00.000Z,1.628428339,2022-09-26T00:00:00.000Z,0.6,2022-09-26T00:00:00.000Z,0.7
2022-09-27T00:00:00.000Z,0.904074046,2022-09-27T00:00:00.000Z,1.602566539,2022-09-27T00:00:00.000Z,0.6,2022-09-27T00:00:00.000Z,0.7
2022-09-28T00:00:00.000Z,0.907052963,2022-09-28T00:00:00.000Z,1.619591445,2022-09-28T00:00:00.000Z,0.6,2022-09-28T00:00:00.000Z,0.7
2022-09-29T00:00:00.000Z,0.886630566,2022-09-29T00:00:00.000Z,1.59433522,2022-09-29T00:00:00.000Z,0.6,2022-09-29T00:00:00.000Z,0.7
2022-09-30T00:00:00.000Z,0.871051186,2022-09-30T00:00:00.000Z,1.577082277,2022-09-30T00:00:00.000Z,0.6,2022-09-30T00:00:00.000Z,0.7
2022-10-01T00:00:00.000Z,0.82787038,2022-10-01T00:00:00.000Z,1.508145151,2022-10-01T00:00:00.000Z,0.6,2022-10-01T00:00:00.000Z,0.7
2022-10-02T00:00:00.000Z,0.78589225,2022-10-02T00:00:00.000Z,1.43949565,2022-10-02T00:00:00.000Z,0.6,2022-10-02T00:00:00.000Z,0.7
2022-10-03T00:00:00.000Z,0.83026525,2022-10-03T00:00:00.000Z,1.529620961,2022-10-03T00:00:00.000Z,0.6,2022-10-03T00:00:00.000Z,0.7
2022-10-04T00:00:00.000Z,0.851859366,2022-10-04T00:00:00.000Z,1.578460659,2022-10-04T00:00:00.000Z,0.6,2022-10-04T00:00:00.000Z,0.7
2022-10-05T00:00:00.000Z,0.820464339,2022-10-05T00:00:00.000Z,1.528141915,2022-10-05T00:00:00.000Z,0.6,2022-10-05T00:00:00.000Z,0.7
2022-10-06T00:00:00.000Z,0.800329904,2022-10-06T00:00:00.000Z,1.497356533,2022-10-06T00:00:00.000Z,0.6,2022-10-06T00:00:00.000Z,0.7
2022-10-07T00:00:00.000Z,0.78601214,2022-10-07T00:00:00.000Z,1.47751208,2022-10-07T00:00:00.000Z,0.6,2022-10-07T00:00:00.000Z,0.7
2022-10-08T00:00:00.000Z,0.780961113,2022-10-08T00:00:00.000Z,1.475269884,2022-10-08T00:00:00.000Z,0.6,2022-10-08T00:00:00.000Z,0.7
2022-10-09T00:00:00.000Z,0.767243648,2022-10-09T00:00:00.000Z,1.456446091,2022-10-09T00:00:00.000Z,0.6,2022-10-09T00:00:00.000Z,0.7
2022-10-10T00:00:00.000Z,0.687382842,2022-10-10T00:00:00.000Z,1.309980725,2022-10-10T00:00:00.000Z,0.6,2022-10-10T00:00:00.000Z,0.7
2022-10-11T00:00:00.000Z,0.689923042,2022-10-11T00:00:00.000Z,1.317765577,2022-10-11T00:00:00.000Z,0.6,2022-10-11T00:00:00.000Z,0.7
2022-10-12T00:00:00.000Z,0.662305373,2022-10-12T00:00:00.000Z,1.267690286,2022-10-12T00:00:00.000Z,0.6,2022-10-12T00:00:00.000Z,0.7
2022-10-13T00:00:00.000Z,0.658863059,2022-10-13T00:00:00.000Z,1.26194665,2022-10-13T00:00:00.000Z,0.6,2022-10-13T00:00:00.000Z,0.7
2022-10-14T00:00:00.000Z,0.67426574,2022-10-14T00:00:00.000Z,1.290841756,2022-10-14T00:00:00.000Z,0.6,2022-10-14T00:00:00.000Z,0.7
2022-10-15T00:00:00.000Z,0.702332277,2022-10-15T00:00:00.000Z,1.342424213,2022-10-15T00:00:00.000Z,0.6,2022-10-15T00:00:00.000Z,0.7
2022-10-16T00:00:00.000Z,0.703987183,2022-10-16T00:00:00.000Z,1.344322212,2022-10-16T00:00:00.000Z,0.6,2022-10-16T00:00:00.000Z,0.7
2022-10-17T00:00:00.000Z,0.802339956,2022-10-17T00:00:00.000Z,1.532384962,2022-10-17T00:00:00.000Z,0.6,2022-10-17T00:00:00.000Z,0.7
2022-10-18T00:00:00.000Z,0.767472253,2022-10-18T00:00:00.000Z,1.464738828,2022-10-18T00:00:00.000Z,0.6,2022-10-18T00:00:00.000Z,0.7
2022-10-19T00:00:00.000Z,0.731950006,2022-10-19T00:00:00.000Z,1.395185727,2022-10-19T00:00:00.000Z,0.6,2022-10-19T00:00:00.000Z,0.7
2022-10-20T00:00:00.000Z,0.787668051,2022-10-20T00:00:00.000Z,1.501165856,2022-10-20T00:00:00.000Z,0.6,2022-10-20T00:00:00.000Z,0.7
2022-10-21T00:00:00.000Z,0.801990267,2022-10-21T00:00:00.000Z,1.527935994,2022-10-21T00:00:00.000Z,0.6,2022-10-21T00:00:00.000Z,0.7
2022-10-22T00:00:00.000Z,0.794668343,2022-10-22T00:00:00.000Z,1.512699887,2022-10-22T00:00:00.000Z,0.6,2022-10-22T00:00:00.000Z,0.7
2022-10-23T00:00:00.000Z,0.806703235,2022-10-23T00:00:00.000Z,1.536232236,2022-10-23T00:00:00.000Z,0.6,2022-10-23T00:00:00.000Z,0.7
2022-10-24T00:00:00.000Z,0.792631399,2022-10-24T00:00:00.000Z,1.510158128,2022-10-24T00:00:00.000Z,0.6,2022-10-24T00:00:00.000Z,0.7
2022-10-25T00:00:00.000Z,0.867112276,2022-10-25T00:00:00.000Z,1.649375209,2022-10-25T00:00:00.000Z,0.6,2022-10-25T00:00:00.000Z,0.7
2022-10-26T00:00:00.000Z,0.902390149,2022-10-26T00:00:00.000Z,1.711167625,2022-10-26T00:00:00.000Z,0.6,2022-10-26T00:00:00.000Z,0.7
2022-10-27T00:00:00.000Z,0.866606199,2022-10-27T00:00:00.000Z,1.635289988,2022-10-27T00:00:00.000Z,0.6,2022-10-27T00:00:00.000Z,0.7
2022-10-28T00:00:00.000Z,0.893538569,2022-10-28T00:00:00.000Z,1.679479623,2022-10-28T00:00:00.000Z,0.6,2022-10-28T00:00:00.000Z,0.7
2022-10-29T00:00:00.000Z,0.872001013,2022-10-29T00:00:00.000Z,1.63386762,2022-10-29T00:00:00.000Z,0.6,2022-10-29T00:00:00.000Z,0.7
2022-10-30T00:00:00.000Z,0.832352321,2022-10-30T00:00:00.000Z,1.554740301,2022-10-30T00:00:00.000Z,0.6,2022-10-30T00:00:00.000Z,0.7
2022-10-31T00:00:00.000Z,0.822780626,2022-10-31T00:00:00.000Z,1.529768863,2022-10-31T00:00:00.000Z,0.6,2022-10-31T00:00:00.000Z,0.7
2022-11-01T00:00:00.000Z,0.806919459,2022-11-01T00:00:00.000Z,1.490374815,2022-11-01T00:00:00.000Z,0.6,2022-11-01T00:00:00.000Z,0.7
2022-11-02T00:00:00.000Z,0.826582899,2022-11-02T00:00:00.000Z,1.518230185,2022-11-02T00:00:00.000Z,0.6,2022-11-02T00:00:00.000Z,0.7
2022-11-03T00:00:00.000Z,0.883706261,2022-11-03T00:00:00.000Z,1.613267978,2022-11-03T00:00:00.000Z,0.6,2022-11-03T00:00:00.000Z,0.7
2022-11-04T00:00:00.000Z,0.963673035,2022-11-04T00:00:00.000Z,1.750200526,2022-11-04T00:00:00.000Z,0.6,2022-11-04T00:00:00.000Z,0.7
2022-11-05T00:00:00.000Z,0.942539227,2022-11-05T00:00:00.000Z,1.703931964,2022-11-05T00:00:00.000Z,0.6,2022-11-05T00:00:00.000Z,0.7
2022-11-06T00:00:00.000Z,0.881187208,2022-11-06T00:00:00.000Z,1.585273532,2022-11-06T00:00:00.000Z,0.6,2022-11-06T00:00:00.000Z,0.7
2022-11-07T00:00:00.000Z,0.93374225,2022-11-07T00:00:00.000Z,1.673689808,2022-11-07T00:00:00.000Z,0.6,2022-11-07T00:00:00.000Z,0.7
2022-11-08T00:00:00.000Z,0.724180372,2022-11-08T00:00:00.000Z,1.2866169,2022-11-08T00:00:00.000Z,0.6,2022-11-08T00:00:00.000Z,0.7
2022-11-09T00:00:00.000Z,0.520779669,2022-11-09T00:00:00.000Z,0.915273557,2022-11-09T00:00:00.000Z,0.6,2022-11-09T00:00:00.000Z,0.7
2022-11-10T00:00:00.000Z,0.68875912,2022-11-10T00:00:00.000Z,1.198217427,2022-11-10T00:00:00.000Z,0.6,2022-11-10T00:00:00.000Z,0.7
2022-11-11T00:00:00.000Z,0.685186446,2022-11-11T00:00:00.000Z,1.178594245,2022-11-11T00:00:00.000Z,0.6,2022-11-11T00:00:00.000Z,0.7
2022-11-12T00:00:00.000Z,0.639763931,2022-11-12T00:00:00.000Z,1.089213985,2022-11-12T00:00:00.000Z,0.6,2022-11-12T00:00:00.000Z,0.7
2022-11-13T00:00:00.000Z,0.632563924,2022-11-13T00:00:00.000Z,1.065209062,2022-11-13T00:00:00.000Z,0.6,2022-11-13T00:00:00.000Z,0.7
2022-11-14T00:00:00.000Z,0.674208159,2022-11-14T00:00:00.000Z,1.12446174,2022-11-14T00:00:00.000Z,0.6,2022-11-14T00:00:00.000Z,0.7
2022-11-15T00:00:00.000Z,0.725942426,2022-11-15T00:00:00.000Z,1.200514426,2022-11-15T00:00:00.000Z,0.6,2022-11-15T00:00:00.000Z,0.7
2022-11-16T00:00:00.000Z,0.738586827,2022-11-16T00:00:00.000Z,1.212989497,2022-11-16T00:00:00.000Z,0.6,2022-11-16T00:00:00.000Z,0.7
2022-11-17T00:00:00.000Z,0.757380144,2022-11-17T00:00:00.000Z,1.238835731,2022-11-17T00:00:00.000Z,0.6,2022-11-17T00:00:00.000Z,0.7
2022-11-18T00:00:00.000Z,0.750920683,2022-11-18T00:00:00.000Z,1.222971936,2022-11-18T00:00:00.000Z,0.6,2022-11-18T00:00:00.000Z,0.7
2022-11-19T00:00:00.000Z,0.740868232,2022-11-19T00:00:00.000Z,1.198656552,2022-11-19T00:00:00.000Z,0.6,2022-11-19T00:00:00.000Z,0.7
2022-11-20T00:00:00.000Z,0.688517454,2022-11-20T00:00:00.000Z,1.105758835,2022-11-20T00:00:00.000Z,0.6,2022-11-20T00:00:00.000Z,0.7
2022-11-21T00:00:00.000Z,0.696230057,2022-11-21T00:00:00.000Z,1.110238813,2022-11-21T00:00:00.000Z,0.6,2022-11-21T00:00:00.000Z,0.7
2022-11-22T00:00:00.000Z,0.707589336,2022-11-22T00:00:00.000Z,1.120121333,2022-11-22T00:00:00.000Z,0.6,2022-11-22T00:00:00.000Z,0.7
2022-11-23T00:00:00.000Z,0.736359833,2022-11-23T00:00:00.000Z,1.158740356,2022-11-23T00:00:00.000Z,0.6,2022-11-23T00:00:00.000Z,0.7
2022-11-24T00:00:00.000Z,0.725638482,2022-11-24T00:00:00.000Z,1.13711902,2022-11-24T00:00:00.000Z,0.6,2022-11-24T00:00:00.000Z,0.7
2022-11-25T00:00:00.000Z,0.712031636,2022-11-25T00:00:00.000Z,1.111682399,2022-11-25T00:00:00.000Z,0.6,2022-11-25T00:00:00.000Z,0.7
2022-11-26T00:00:00.000Z,0.695114133,2022-11-26T00:00:00.000Z,1.081235872,2022-11-26T00:00:00.000Z,0.6,2022-11-26T00:00:00.000Z,0.7
2022-11-27T00:00:00.000Z,0.696049239,2022-11-27T00:00:00.000Z,1.076527507,2022-11-27T00:00:00.000Z,0.6,2022-11-27T00:00:00.000Z,0.7
2022-11-28T00:00:00.000Z,0.701235662,2022-11-28T00:00:00.000Z,1.079091909,2022-11-28T00:00:00.000Z,0.6,2022-11-28T00:00:00.000Z,0.7
2022-11-29T00:00:00.000Z,0.718985062,2022-11-29T00:00:00.000Z,1.09940399,2022-11-29T00:00:00.000Z,0.6,2022-11-29T00:00:00.000Z,0.7
2022-11-30T00:00:00.000Z,0.749956191,2022-11-30T00:00:00.000Z,1.138866026,2022-11-30T00:00:00.000Z,0.6,2022-11-30T00:00:00.000Z,0.7
2022-12-01T00:00:00.000Z,0.731272297,2022-12-01T00:00:00.000Z,1.101698391,2022-12-01T00:00:00.000Z,0.6,2022-12-01T00:00:00.000Z,0.7
2022-12-02T00:00:00.000Z,0.750441588,2022-12-02T00:00:00.000Z,1.123237246,2022-12-02T00:00:00.000Z,0.6,2022-12-02T00:00:00.000Z,0.7
2022-12-03T00:00:00.000Z,0.735050426,2022-12-03T00:00:00.000Z,1.092371972,2022-12-03T00:00:00.000Z,0.6,2022-12-03T00:00:00.000Z,0.7
2022-12-04T00:00:00.000Z,0.75023443,2022-12-04T00:00:00.000Z,1.107133849,2022-12-04T00:00:00.000Z,0.6,2022-12-04T00:00:00.000Z,0.7
2022-12-05T00:00:00.000Z,0.734713341,2022-12-05T00:00:00.000Z,1.07788782,2022-12-05T00:00:00.000Z,0.6,2022-12-05T00:00:00.000Z,0.7
2022-12-06T00:00:00.000Z,0.72916545,2022-12-06T00:00:00.000Z,1.062498857,2022-12-06T00:00:00.000Z,0.6,2022-12-06T00:00:00.000Z,0.7
2022-12-07T00:00:00.000Z,0.696711394,2022-12-07T00:00:00.000Z,1.008454645,2022-12-07T00:00:00.000Z,0.6,2022-12-07T00:00:00.000Z,0.7
2022-12-08T00:00:00.000Z,0.729330357,2022-12-08T00:00:00.000Z,1.047485891,2022-12-08T00:00:00.000Z,0.6,2022-12-08T00:00:00.000Z,0.7
2022-12-09T00:00:00.000Z,0.732673655,2022-12-09T00:00:00.000Z,1.043649427,2022-12-09T00:00:00.000Z,0.6,2022-12-09T00:00:00.000Z,0.7
2022-12-10T00:00:00.000Z,0.72443368,2022-12-10T00:00:00.000Z,1.023361293,2022-12-10T00:00:00.000Z,0.6,2022-12-10T00:00:00.000Z,0.7
2022-12-11T00:00:00.000Z,0.734248131,2022-12-11T00:00:00.000Z,1.029431813,2022-12-11T00:00:00.000Z,0.6,2022-12-11T00:00:00.000Z,0.7
2022-12-12T00:00:00.000Z,0.761251328,2022-12-12T00:00:00.000Z,1.060804117,2022-12-12T00:00:00.000Z,0.6,2022-12-12T00:00:00.000Z,0.7
2022-12-13T00:00:00.000Z,0.80776938,2022-12-13T00:00:00.000Z,1.119337082,2022-12-13T00:00:00.000Z,0.6,2022-12-13T00:00:00.000Z,0.7
2022-12-14T00:00:00.000Z,0.824086851,2022-12-14T00:00:00.000Z,1.136775413,2022-12-14T00:00:00.000Z,0.6,2022-12-14T00:00:00.000Z,0.7
2022-12-15T00:00:00.000Z,0.82554426,2022-12-15T00:00:00.000Z,1.13294144,2022-12-15T00:00:00.000Z,0.6,2022-12-15T00:00:00.000Z,0.7
2022-12-16T00:00:00.000Z,0.740466559,2022-12-16T00:00:00.000Z,1.008788499,2022-12-16T00:00:00.000Z,0.6,2022-12-16T00:00:00.000Z,0.7
2022-12-17T00:00:00.000Z,0.734473507,2022-12-17T00:00:00.000Z,0.995017127,2022-12-17T00:00:00.000Z,0.6,2022-12-17T00:00:00.000Z,0.7
2022-12-18T00:00:00.000Z,0.732581586,2022-12-18T00:00:00.000Z,0.985661068,2022-12-18T00:00:00.000Z,0.6,2022-12-18T00:00:00.000Z,0.7
2022-12-19T00:00:00.000Z,0.711690783,2022-12-19T00:00:00.000Z,0.950940494,2022-12-19T00:00:00.000Z,0.6,2022-12-19T00:00:00.000Z,0.7
2022-12-20T00:00:00.000Z,0.745159768,2022-12-20T00:00:00.000Z,0.988788212,2022-12-20T00:00:00.000Z,0.6,2022-12-20T00:00:00.000Z,0.7
2022-12-21T00:00:00.000Z,0.710747511,2022-12-21T00:00:00.000Z,0.936290786,2022-12-21T00:00:00.000Z,0.6,2022-12-21T00:00:00.000Z,0.7
2022-12-22T00:00:00.000Z,0.685314329,2022-12-22T00:00:00.000Z,0.896207545,2022-12-22T00:00:00.000Z,0.6,2022-12-22T00:00:00.000Z,0.7
2022-12-23T00:00:00.000Z,0.720720763,2022-12-23T00:00:00.000Z,0.936515176,2022-12-23T00:00:00.000Z,0.6,2022-12-23T00:00:00.000Z,0.7
2022-12-24T00:00:00.000Z,0.732813605,2022-12-24T00:00:00.000Z,0.947115323,2022-12-24T00:00:00.000Z,0.6,2022-12-24T00:00:00.000Z,0.7
2022-12-25T00:00:00.000Z,0.754774399,2022-12-25T00:00:00.000Z,0.969976232,2022-12-25T00:00:00.000Z,0.6,2022-12-25T00:00:00.000Z,0.7
2022-12-26T00:00:00.000Z,0.810351322,2022-12-26T00:00:00.000Z,1.036300685,2022-12-26T00:00:00.000Z,0.6,2022-12-26T00:00:00.000Z,0.7
2022-12-27T00:00:00.000Z,0.794486977,2022-12-27T00:00:00.000Z,1.010637278,2022-12-27T00:00:00.000Z,0.6,2022-12-27T00:00:00.000Z,0.7
2022-12-28T00:00:00.000Z,0.750528397,2022-12-28T00:00:00.000Z,0.949340464,2022-12-28T00:00:00.000Z,0.6,2022-12-28T00:00:00.000Z,0.7
2022-12-29T00:00:00.000Z,0.764938291,2022-12-29T00:00:00.000Z,0.962342617,2022-12-29T00:00:00.000Z,0.6,2022-12-29T00:00:00.000Z,0.7
2022-12-30T00:00:00.000Z,0.769705889,2022-12-30T00:00:00.000Z,0.963684181,2022-12-30T00:00:00.000Z,0.6,2022-12-30T00:00:00.000Z,0.7
2022-12-31T00:00:00.000Z,0.764616418,2022-12-31T00:00:00.000Z,0.953180475,2022-12-31T00:00:00.000Z,0.6,2022-12-31T00:00:00.000Z,0.7
2023-01-01T00:00:00.000Z,0.868334146,2023-01-01T00:00:00.000Z,1.078120154,2023-01-01T00:00:00.000Z,0.6,2023-01-01T00:00:00.000Z,0.7
2023-01-02T00:00:00.000Z,0.979965236,2023-01-02T00:00:00.000Z,1.212738698,2023-01-02T00:00:00.000Z,0.6,2023-01-02T00:00:00.000Z,0.7
2023-01-03T00:00:00.000Z,0.972510974,2023-01-03T00:00:00.000Z,1.199967661,2023-01-03T00:00:00.000Z,0.6,2023-01-03T00:00:00.000Z,0.7
2023-01-04T00:00:00.000Z,1.112848958,2023-01-04T00:00:00.000Z,1.371573427,2023-01-04T00:00:00.000Z,0.6,2023-01-04T00:00:00.000Z,0.7
2023-01-05T00:00:00.000Z,1.092783413,2023-01-05T00:00:00.000Z,1.345236784,2023-01-05T00:00:00.000Z,0.6,2023-01-05T00:00:00.000Z,0.7
2023-01-06T00:00:00.000Z,1.241105085,2023-01-06T00:00:00.000Z,1.528558382,2023-01-06T00:00:00.000Z,0.6,2023-01-06T00:00:00.000Z,0.7
2023-01-07T00:00:00.000Z,1.202913738,2023-01-07T00:00:00.000Z,1.4818612,2023-01-07T00:00:00.000Z,0.6,2023-01-07T00:00:00.000Z,0.7
2023-01-08T00:00:00.000Z,1.586652826,2023-01-08T00:00:00.000Z,1.96615476,2023-01-08T00:00:00.000Z,0.6,2023-01-08T00:00:00.000Z,0.7
2023-01-09T00:00:00.000Z,1.551453628,2023-01-09T00:00:00.000Z,1.933144611,2023-01-09T00:00:00.000Z,0.6,2023-01-09T00:00:00.000Z,0.7
2023-01-10T00:00:00.000Z,1.530604291,2023-01-10T00:00:00.000Z,1.918229422,2023-01-10T00:00:00.000Z,0.6,2023-01-10T00:00:00.000Z,0.7
2023-01-11T00:00:00.000Z,1.490829185,2023-01-11T00:00:00.000Z,1.878595934,2023-01-11T00:00:00.000Z,0.6,2023-01-11T00:00:00.000Z,0.7
2023-01-12T00:00:00.000Z,1.628433875,2023-01-12T00:00:00.000Z,2.066017602,2023-01-12T00:00:00.000Z,0.6,2023-01-12T00:00:00.000Z,0.7
2023-01-13T00:00:00.000Z,1.643287102,2023-01-13T00:00:00.000Z,2.098670209,2023-01-13T00:00:00.000Z,0.6,2023-01-13T00:00:00.000Z,0.7
2023-01-14T00:00:00.000Z,1.681696278,2023-01-14T00:00:00.000Z,2.163021036,2023-01-14T00:00:00.000Z,0.6,2023-01-14T00:00:00.000Z,0.7
2023-01-15T00:00:00.000Z,1.714935282,2023-01-15T00:00:00.000Z,2.21885406,2023-01-15T00:00:00.000Z,0.6,2023-01-15T00:00:00.000Z,0.7
2023-01-16T00:00:00.000Z,1.632145227,2023-01-16T00:00:00.000Z,2.123686856,2023-01-16T00:00:00.000Z,0.6,2023-01-16T00:00:00.000Z,0.7
2023-01-17T00:00:00.000Z,1.539198588,2023-01-17T00:00:00.000Z,2.013319589,2023-01-17T00:00:00.000Z,0.6,2023-01-17T00:00:00.000Z,0.7
2023-01-18T00:00:00.000Z,1.503345928,2023-01-18T00:00:00.000Z,1.974326802,2023-01-18T00:00:00.000Z,0.6,2023-01-18T00:00:00.000Z,0.7
2023-01-19T00:00:00.000Z,1.498078135,2023-01-19T00:00:00.000Z,1.974847654,2023-01-19T00:00:00.000Z,0.6,2023-01-19T00:00:00.000Z,0.7
2023-01-20T00:00:00.000Z,1.768340562,2023-01-20T00:00:00.000Z,2.347525044,2023-01-20T00:00:00.000Z,0.6,2023-01-20T00:00:00.000Z,0.7
2023-01-21T00:00:00.000Z,1.768040319,2023-01-21T00:00:00.000Z,2.363375606,2023-01-21T00:00:00.000Z,0.6,2023-01-21T00:00:00.000Z,0.7
2023-01-22T00:00:00.000Z,1.644448023,2023-01-22T00:00:00.000Z,2.210972286,2023-01-22T00:00:00.000Z,0.6,2023-01-22T00:00:00.000Z,0.7
2023-01-23T00:00:00.000Z,1.870045997,2023-01-23T00:00:00.000Z,2.532643195,2023-01-23T00:00:00.000Z,0.6,2023-01-23T00:00:00.000Z,0.7
2023-01-24T00:00:00.000Z,1.731208457,2023-01-24T00:00:00.000Z,2.357036255,2023-01-24T00:00:00.000Z,0.6,2023-01-24T00:00:00.000Z,0.7
2023-01-25T00:00:00.000Z,1.842201307,2023-01-25T00:00:00.000Z,2.526392655,2023-01-25T00:00:00.000Z,0.6,2023-01-25T00:00:00.000Z,0.7
2023-01-26T00:00:00.000Z,1.681834643,2023-01-26T00:00:00.000Z,2.318405648,2023-01-26T00:00:00.000Z,0.6,2023-01-26T00:00:00.000Z,0.7
2023-01-27T00:00:00.000Z,1.726539752,2023-01-27T00:00:00.000Z,2.394625763,2023-01-27T00:00:00.000Z,0.6,2023-01-27T00:00:00.000Z,0.7
2023-01-28T00:00:00.000Z,1.600949817,2023-01-28T00:00:00.000Z,2.232494818,2023-01-28T00:00:00.000Z,0.6,2023-01-28T00:00:00.000Z,0.7
2023-01-29T00:00:00.000Z,1.64842345,2023-01-29T00:00:00.000Z,2.31304221,2023-01-29T00:00:00.000Z,0.6,2023-01-29T00:00:00.000Z,0.7
2023-01-30T00:00:00.000Z,1.464191151,2023-01-30T00:00:00.000Z,2.06386022,2023-01-30T00:00:00.000Z,0.6,2023-01-30T00:00:00.000Z,0.7
2023-01-31T00:00:00.000Z,1.555206768,2023-01-31T00:00:00.000Z,2.204002069,2023-01-31T00:00:00.000Z,0.6,2023-01-31T00:00:00.000Z,0.7
2023-02-01T00:00:00.000Z,1.607898333,2023-02-01T00:00:00.000Z,2.290779408,2023-02-01T00:00:00.000Z,0.6,2023-02-01T00:00:00.000Z,0.7
2023-02-02T00:00:00.000Z,1.590858571,2023-02-02T00:00:00.000Z,2.275793275,2023-02-02T00:00:00.000Z,0.6,2023-02-02T00:00:00.000Z,0.7
2023-02-03T00:00:00.000Z,1.641802537,2023-02-03T00:00:00.000Z,2.360650893,2023-02-03T00:00:00.000Z,0.6,2023-02-03T00:00:00.000Z,0.7
2023-02-04T00:00:00.000Z,1.527801831,2023-02-04T00:00:00.000Z,2.207295187,2023-02-04T00:00:00.000Z,0.6,2023-02-04T00:00:00.000Z,0.7
2023-02-05T00:00:00.000Z,1.411726823,2023-02-05T00:00:00.000Z,2.045426562,2023-02-05T00:00:00.000Z,0.6,2023-02-05T00:00:00.000Z,0.7
2023-02-06T00:00:00.000Z,1.508932292,2023-02-06T00:00:00.000Z,2.201606522,2023-02-06T00:00:00.000Z,0.6,2023-02-06T00:00:00.000Z,0.7
2023-02-07T00:00:00.000Z,1.751476125,2023-02-07T00:00:00.000Z,2.588043435,2023-02-07T00:00:00.000Z,0.6,2023-02-07T00:00:00.000Z,0.7
2023-02-08T00:00:00.000Z,1.694885108,2023-02-08T00:00:00.000Z,2.529493197,2023-02-08T00:00:00.000Z,0.6,2023-02-08T00:00:00.000Z,0.7
2023-02-09T00:00:00.000Z,1.758587873,2023-02-09T00:00:00.000Z,2.653382113,2023-02-09T00:00:00.000Z,0.6,2023-02-09T00:00:00.000Z,0.7
2023-02-10T00:00:00.000Z,1.504618163,2023-02-10T00:00:00.000Z,2.290268244,2023-02-10T00:00:00.000Z,0.6,2023-02-10T00:00:00.000Z,0.7
2023-02-11T00:00:00.000Z,1.549275027,2023-02-11T00:00:00.000Z,2.380891472,2023-02-11T00:00:00.000Z,0.6,2023-02-11T00:00:00.000Z,0.7
2023-02-12T00:00:00.000Z,1.61491546,2023-02-12T00:00:00.000Z,2.506566028,2023-02-12T00:00:00.000Z,0.6,2023-02-12T00:00:00.000Z,0.7
2023-02-13T00:00:00.000Z,1.518540994,2023-02-13T00:00:00.000Z,2.376827443,2023-02-13T00:00:00.000Z,0.6,2023-02-13T00:00:00.000Z,0.7
2023-02-14T00:00:00.000Z,1.627393921,2023-02-14T00:00:00.000Z,2.571774309,2023-02-14T00:00:00.000Z,0.6,2023-02-14T00:00:00.000Z,0.7
2023-02-15T00:00:00.000Z,1.776968566,2023-02-15T00:00:00.000Z,2.839756186,2023-02-15T00:00:00.000Z,0.6,2023-02-15T00:00:00.000Z,0.7
2023-02-16T00:00:00.000Z,1.618273735,2023-02-16T00:00:00.000Z,2.611107332,2023-02-16T00:00:00.000Z,0.6,2023-02-16T00:00:00.000Z,0.7
2023-02-17T00:00:00.000Z,1.843299844,2023-02-17T00:00:00.000Z,3.011315374,2023-02-17T00:00:00.000Z,0.6,2023-02-17T00:00:00.000Z,0.7
2023-02-18T00:00:00.000Z,1.965949937,2023-02-18T00:00:00.000Z,3.258712141,2023-02-18T00:00:00.000Z,0.6,2023-02-18T00:00:00.000Z,0.7
2023-02-19T00:00:00.000Z,1.744580992,2023-02-19T00:00:00.000Z,2.926992589,2023-02-19T00:00:00.000Z,0.6,2023-02-19T00:00:00.000Z,0.7
2023-02-20T00:00:00.000Z,1.722162418,2023-02-20T00:00:00.000Z,2.923895003,2023-02-20T00:00:00.000Z,0.6,2023-02-20T00:00:00.000Z,0.7
2023-02-21T00:00:00.000Z,1.62139948,2023-02-21T00:00:00.000Z,2.782064313,2023-02-21T00:00:00.000Z,0.6,2023-02-21T00:00:00.000Z,0.7
2023-02-22T00:00:00.000Z,1.678127646,2023-02-22T00:00:00.000Z,2.912504441,2023-02-22T00:00:00.000Z,0.6,2023-02-22T00:00:00.000Z,0.7
2023-02-23T00:00:00.000Z,1.694202352,2023-02-23T00:00:00.000Z,2.975488345,2023-02-23T00:00:00.000Z,0.6,2023-02-23T00:00:00.000Z,0.7
2023-02-24T00:00:00.000Z,1.618631856,2023-02-24T00:00:00.000Z,2.875026598,2023-02-24T00:00:00.000Z,0.6,2023-02-24T00:00:00.000Z,0.7
2023-02-25T00:00:00.000Z,1.62724922,2023-02-25T00:00:00.000Z,2.923731281,2023-02-25T00:00:00.000Z,0.6,2023-02-25T00:00:00.000Z,0.7
2023-02-26T00:00:00.000Z,1.708481835,2023-02-26T00:00:00.000Z,3.108203439,2023-02-26T00:00:00.000Z,0.6,2023-02-26T00:00:00.000Z,0.7
2023-02-27T00:00:00.000Z,1.774809669,2023-02-27T00:00:00.000Z,3.271710322,2023-02-27T00:00:00.000Z,0.6,2023-02-27T00:00:00.000Z,0.7
2023-02-28T00:00:00.000Z,1.60957374,2023-02-28T00:00:00.000Z,3.000404004,2023-02-28T00:00:00.000Z,0.6,2023-02-28T00:00:00.000Z,0.7
2023-03-01T00:00:00.000Z,1.602357317,2023-03-01T00:00:00.000Z,3.021125299,2023-03-01T00:00:00.000Z,0.6,2023-03-01T00:00:00.000Z,0.7
2023-03-02T00:00:00.000Z,1.582199692,2023-03-02T00:00:00.000Z,3.01640142,2023-03-02T00:00:00.000Z,0.6,2023-03-02T00:00:00.000Z,0.7
2023-03-03T00:00:00.000Z,1.460971631,2023-03-03T00:00:00.000Z,2.813219442,2023-03-03T00:00:00.000Z,0.6,2023-03-03T00:00:00.000Z,0.7
2023-03-04T00:00:00.000Z,1.310360132,2023-03-04T00:00:00.000Z,2.544126757,2023-03-04T00:00:00.000Z,0.6,2023-03-04T00:00:00.000Z,0.7
2023-03-05T00:00:00.000Z,1.339275007,2023-03-05T00:00:00.000Z,2.623262836,2023-03-05T00:00:00.000Z,0.6,2023-03-05T00:00:00.000Z,0.7
2023-03-06T00:00:00.000Z,1.309393146,2023-03-06T00:00:00.000Z,2.586911068,2023-03-06T00:00:00.000Z,0.6,2023-03-06T00:00:00.000Z,0.7
2023-03-07T00:00:00.000Z,1.274301681,2023-03-07T00:00:00.000Z,2.539256875,2023-03-07T00:00:00.000Z,0.6,2023-03-07T00:00:00.000Z,0.7
2023-03-08T00:00:00.000Z,1.177187782,2023-03-08T00:00:00.000Z,2.362947426,2023-03-08T00:00:00.000Z,0.6,2023-03-08T00:00:00.000Z,0.7
2023-03-09T00:00:00.000Z,1.120487491,2023-03-09T00:00:00.000Z,2.264331291,2023-03-09T00:00:00.000Z,0.6,2023-03-09T00:00:00.000Z,0.7
2023-03-10T00:00:00.000Z,1.136746078,2023-03-10T00:00:00.000Z,2.313482261,2023-03-10T00:00:00.000Z,0.6,2023-03-10T00:00:00.000Z,0.7
2023-03-11T00:00:00.000Z,1.050244361,2023-03-11T00:00:00.000Z,2.150518128,2023-03-11T00:00:00.000Z,0.6,2023-03-11T00:00:00.000Z,0.7
2023-03-12T00:00:00.000Z,1.186298467,2023-03-12T00:00:00.000Z,2.447384049,2023-03-12T00:00:00.000Z,0.6,2023-03-12T00:00:00.000Z,0.7
2023-03-13T00:00:00.000Z,1.28301272,2023-03-13T00:00:00.000Z,2.669001198,2023-03-13T00:00:00.000Z,0.6,2023-03-13T00:00:00.000Z,0.7
2023-03-14T00:00:00.000Z,1.31834184,2023-03-14T00:00:00.000Z,2.766365616,2023-03-14T00:00:00.000Z,0.6,2023-03-14T00:00:00.000Z,0.7
2023-03-15T00:00:00.000Z,1.088851454,2023-03-15T00:00:00.000Z,2.298916837,2023-03-15T00:00:00.000Z,0.6,2023-03-15T00:00:00.000Z,0.7
2023-03-16T00:00:00.000Z,1.102980489,2023-03-16T00:00:00.000Z,2.345125047,2023-03-16T00:00:00.000Z,0.6,2023-03-16T00:00:00.000Z,0.7
